-- phpMyAdmin SQL Dump
-- version 5.2.1
-- https://www.phpmyadmin.net/
--
-- Host: 127.0.0.1
-- Generation Time: Nov 21, 2025 at 07:20 AM
-- Server version: 10.4.32-MariaDB
-- PHP Version: 8.2.12

SET SQL_MODE = "NO_AUTO_VALUE_ON_ZERO";
START TRANSACTION;
SET time_zone = "+00:00";


/*!40101 SET @OLD_CHARACTER_SET_CLIENT=@@CHARACTER_SET_CLIENT */;
/*!40101 SET @OLD_CHARACTER_SET_RESULTS=@@CHARACTER_SET_RESULTS */;
/*!40101 SET @OLD_COLLATION_CONNECTION=@@COLLATION_CONNECTION */;
/*!40101 SET NAMES utf8mb4 */;

--
-- Database: `webapp_db`
--

-- --------------------------------------------------------

--
-- Stand-in structure for view `cart`
-- (See below for the actual view)
--
CREATE TABLE `cart` (
`id` bigint(20) unsigned
,`user_id` bigint(20) unsigned
,`product_id` bigint(20) unsigned
,`quantity` int(11)
,`created_at` timestamp
);

-- --------------------------------------------------------

--
-- Table structure for table `cart_items`
--

CREATE TABLE `cart_items` (
  `id` bigint(20) UNSIGNED NOT NULL,
  `user_id` bigint(20) UNSIGNED NOT NULL,
  `product_id` bigint(20) UNSIGNED NOT NULL,
  `quantity` int(11) NOT NULL DEFAULT 1,
  `created_at` timestamp NOT NULL DEFAULT current_timestamp()
) ENGINE=InnoDB DEFAULT CHARSET=utf8mb4 COLLATE=utf8mb4_unicode_ci;

-- --------------------------------------------------------

--
-- Table structure for table `categories`
--

CREATE TABLE `categories` (
  `id` int(10) UNSIGNED NOT NULL,
  `name` varchar(100) NOT NULL,
  `slug` varchar(120) NOT NULL,
  `created_at` timestamp NOT NULL DEFAULT current_timestamp()
) ENGINE=InnoDB DEFAULT CHARSET=utf8mb4 COLLATE=utf8mb4_unicode_ci;

--
-- Dumping data for table `categories`
--

INSERT INTO `categories` (`id`, `name`, `slug`, `created_at`) VALUES
(1, 'เครื่องตัดหญ้า', 'brush-cutter', '2025-08-19 17:10:52'),
(2, 'อะไหล่ & อุปกรณ์เสริม', 'spare-parts', '2025-08-19 17:10:52');

-- --------------------------------------------------------

--
-- Table structure for table `coupons`
--

CREATE TABLE `coupons` (
  `id` bigint(20) UNSIGNED NOT NULL,
  `user_id` int(11) DEFAULT NULL,
  `tradein_id` int(11) DEFAULT NULL,
  `code` varchar(40) NOT NULL,
  `type` enum('percent','fixed') NOT NULL,
  `value` decimal(10,2) NOT NULL,
  `note` varchar(255) DEFAULT NULL,
  `max_discount` decimal(10,2) DEFAULT NULL,
  `min_order_total` decimal(10,2) DEFAULT NULL,
  `starts_at` datetime DEFAULT NULL,
  `ends_at` datetime DEFAULT NULL,
  `uses_limit` int(10) UNSIGNED DEFAULT NULL,
  `per_user_limit` int(10) UNSIGNED DEFAULT 1,
  `applies_to` enum('all','products','services','tradein') DEFAULT 'all',
  `allow_stack_with_discount_price` tinyint(1) NOT NULL DEFAULT 0,
  `status` enum('active','inactive') DEFAULT 'active',
  `created_at` timestamp NOT NULL DEFAULT current_timestamp(),
  `updated_at` timestamp NULL DEFAULT NULL ON UPDATE current_timestamp()
) ENGINE=InnoDB DEFAULT CHARSET=utf8mb4 COLLATE=utf8mb4_unicode_ci;

--
-- Dumping data for table `coupons`
--

INSERT INTO `coupons` (`id`, `user_id`, `tradein_id`, `code`, `type`, `value`, `note`, `max_discount`, `min_order_total`, `starts_at`, `ends_at`, `uses_limit`, `per_user_limit`, `applies_to`, `allow_stack_with_discount_price`, `status`, `created_at`, `updated_at`) VALUES
(1, 4, 3, 'TR0003-6F06B2', 'fixed', 1000.00, 'Trade-in credit TR-3', NULL, 0.00, '2025-10-01 01:46:28', '2025-12-30 01:46:28', 1, 1, 'tradein', 0, 'active', '2025-09-30 18:46:28', '2025-11-20 20:22:08'),
(5, NULL, NULL, 'NEWUSER01', 'percent', 50.00, 'new user', NULL, 8000.00, NULL, NULL, 100, 1, 'products', 1, 'active', '2025-10-09 12:57:39', '2025-10-09 15:02:21'),
(6, NULL, NULL, 'TEST1', 'percent', 10.00, '', NULL, 500.00, NULL, NULL, 50, 1, 'services', 0, 'active', '2025-11-20 20:18:09', '2025-11-20 20:18:09'),
(7, 4, 7, 'TR0007-CC7A17', 'fixed', 300.00, 'Trade-in credit TR-7', NULL, 0.00, '2025-11-21 12:56:11', '2026-02-19 12:56:11', 1, 1, 'all', 0, 'active', '2025-11-21 05:56:11', NULL);

-- --------------------------------------------------------

--
-- Table structure for table `coupon_categories`
--

CREATE TABLE `coupon_categories` (
  `coupon_id` bigint(20) UNSIGNED NOT NULL,
  `category_id` int(10) UNSIGNED NOT NULL
) ENGINE=InnoDB DEFAULT CHARSET=utf8mb4 COLLATE=utf8mb4_unicode_ci;

-- --------------------------------------------------------

--
-- Table structure for table `coupon_products`
--

CREATE TABLE `coupon_products` (
  `coupon_id` bigint(20) UNSIGNED NOT NULL,
  `product_id` bigint(20) UNSIGNED NOT NULL
) ENGINE=InnoDB DEFAULT CHARSET=utf8mb4 COLLATE=utf8mb4_unicode_ci;

-- --------------------------------------------------------

--
-- Table structure for table `coupon_usages`
--

CREATE TABLE `coupon_usages` (
  `id` bigint(20) UNSIGNED NOT NULL,
  `coupon_id` bigint(20) UNSIGNED NOT NULL,
  `user_id` bigint(20) UNSIGNED NOT NULL,
  `order_id` bigint(20) UNSIGNED DEFAULT NULL,
  `context` enum('order','service','tradein') DEFAULT 'order',
  `amount` decimal(10,2) NOT NULL,
  `created_at` timestamp NOT NULL DEFAULT current_timestamp(),
  `used_at` datetime NOT NULL DEFAULT current_timestamp()
) ENGINE=InnoDB DEFAULT CHARSET=utf8mb4 COLLATE=utf8mb4_unicode_ci;

--
-- Dumping data for table `coupon_usages`
--

INSERT INTO `coupon_usages` (`id`, `coupon_id`, `user_id`, `order_id`, `context`, `amount`, `created_at`, `used_at`) VALUES
(1, 4, 4, 57, 'order', 0.00, '2025-10-09 12:38:37', '2025-10-09 19:38:37'),
(2, 5, 4, 59, 'order', 10426.50, '2025-10-09 13:45:58', '2025-10-09 20:45:58'),
(3, 7, 4, 67, 'order', 300.00, '2025-11-21 05:56:44', '2025-11-21 12:56:44');

-- --------------------------------------------------------

--
-- Table structure for table `notifications`
--

CREATE TABLE `notifications` (
  `id` bigint(20) UNSIGNED NOT NULL,
  `user_id` bigint(20) UNSIGNED NOT NULL,
  `type` varchar(50) NOT NULL,
  `ref_id` bigint(20) UNSIGNED DEFAULT NULL,
  `title` varchar(255) NOT NULL,
  `message` text DEFAULT NULL,
  `is_read` tinyint(1) NOT NULL DEFAULT 0,
  `created_at` timestamp NOT NULL DEFAULT current_timestamp()
) ENGINE=InnoDB DEFAULT CHARSET=utf8mb4 COLLATE=utf8mb4_unicode_ci;

--
-- Dumping data for table `notifications`
--

INSERT INTO `notifications` (`id`, `user_id`, `type`, `ref_id`, `title`, `message`, `is_read`, `created_at`) VALUES
(1, 4, 'order_status', 22, 'อัปเดตสถานะคำสั่งซื้อ', 'คำสั่งซื้อ #22: กำลังเตรียม/แพ็ค', 1, '2025-08-22 19:11:42'),
(2, 4, 'order_status', 22, 'อัปเดตสถานะคำสั่งซื้อ', 'คำสั่งซื้อ #22: ส่งออกจากคลัง', 1, '2025-08-22 19:11:54'),
(3, 4, 'payment_status', 22, 'อัปเดตการชำระเงิน', 'คำสั่งซื้อ #22 สถานะการชำระเงิน: รอตรวจสอบ', 1, '2025-08-22 19:18:45'),
(4, 4, 'payment_status', 22, 'อัปเดตการชำระเงิน', 'คำสั่งซื้อ #22 สถานะการชำระเงิน: ชำระแล้ว', 1, '2025-08-22 19:18:54'),
(5, 4, 'order_status', 22, 'อัปเดตสถานะคำสั่งซื้อ', 'คำสั่งซื้อ #22: เสร็จสิ้น', 1, '2025-08-22 19:31:00'),
(6, 4, 'review_reply', 19, 'ผู้ดูแลตอบกลับรีวิวของคุณ', 'สินค้า: EUROX เครื่องตัดหญ้าไร้สาย 21 โวลต์ รุ่นพับได้ R • คลิกเพื่อดูคำตอบ', 1, '2025-08-22 19:31:33'),
(7, 4, 'order_status', 23, 'อัปเดตสถานะคำสั่งซื้อ', 'คำสั่งซื้อ #23: ยกเลิก', 1, '2025-08-22 20:07:58'),
(8, 4, 'order_status', 23, 'อัปเดตสถานะคำสั่งซื้อ', 'คำสั่งซื้อ #23: ใหม่/กำลังตรวจสอบ', 1, '2025-08-22 20:09:56'),
(9, 4, 'order_status', 23, 'อัปเดตสถานะคำสั่งซื้อ', 'คำสั่งซื้อ #23: cancel_requested', 1, '2025-08-22 20:46:28'),
(10, 4, 'order_status', 23, 'คำสั่งซื้อ #23: รอยืนยันยกเลิก', 'คำสั่งซื้อ #23: รอยืนยันยกเลิก', 1, '2025-08-22 20:53:41'),
(11, 4, 'order_status', 23, 'คำสั่งซื้อ #23: รอยืนยันยกเลิก', 'คำสั่งซื้อ #23: รอยืนยันยกเลิก', 1, '2025-08-22 20:53:43'),
(12, 4, 'order_status', 23, 'คำสั่งซื้อ #23: รอยืนยันยกเลิก', 'คำสั่งซื้อ #23: รอยืนยันยกเลิก', 1, '2025-08-22 21:01:30'),
(13, 4, 'order_status', 23, 'คำสั่งซื้อ #23: รอยืนยันยกเลิก', 'คำสั่งซื้อ #23: รอยืนยันยกเลิก', 1, '2025-08-22 21:08:44'),
(14, 4, 'order_status', 23, 'คำสั่งซื้อ #23: รอยืนยันยกเลิก', 'คำสั่งซื้อ #23: รอยืนยันยกเลิก', 1, '2025-08-22 21:08:46'),
(15, 4, 'order_status', 23, 'คำสั่งซื้อ #23: ยกเลิก', 'คำสั่งซื้อ #23: ยกเลิก', 1, '2025-08-22 21:08:47'),
(16, 4, 'order_status', 23, 'คำสั่งซื้อ #23: รอยืนยันยกเลิก', 'คำสั่งซื้อ #23: รอยืนยันยกเลิก', 1, '2025-08-22 21:08:50'),
(17, 4, 'order_status', 23, 'คำสั่งซื้อ #23: รอยืนยันยกเลิก', 'คำสั่งซื้อ #23: รอยืนยันยกเลิก', 1, '2025-08-22 21:08:53'),
(18, 4, 'order_status', 23, 'คำสั่งซื้อ #23: ยกเลิก', 'คำสั่งซื้อ #23: ยกเลิก', 1, '2025-08-22 21:08:54'),
(19, 4, 'order_status', 23, 'คำสั่งซื้อ #23: รอยืนยันยกเลิก', 'คำสั่งซื้อ #23: รอยืนยันยกเลิก', 1, '2025-08-22 21:14:34'),
(20, 4, 'order_status', 23, 'คำสั่งซื้อ #23: รอยืนยันยกเลิก', 'คำสั่งซื้อ #23: รอยืนยันยกเลิก', 1, '2025-08-22 21:14:38'),
(21, 4, 'order_status', 23, 'คำสั่งซื้อ #23: รอยืนยันยกเลิก', 'คำสั่งซื้อ #23: รอยืนยันยกเลิก', 1, '2025-08-22 21:16:42'),
(22, 4, 'order_status', 23, 'คำสั่งซื้อ #23: กำลังเตรียม/แพ็ค', 'คำสั่งซื้อ #23: กำลังเตรียม/แพ็ค', 1, '2025-08-22 21:17:45'),
(23, 4, 'order_status', 23, 'คำสั่งซื้อ #23: ใหม่/กำลังตรวจสอบ', 'คำสั่งซื้อ #23: ใหม่/กำลังตรวจสอบ', 1, '2025-08-22 21:17:46'),
(24, 4, 'order_status', 23, 'คำสั่งซื้อ #23: รอยืนยันยกเลิก', 'คำสั่งซื้อ #23: รอยืนยันยกเลิก', 1, '2025-08-22 21:17:48'),
(25, 4, 'order_status', 23, 'คำสั่งซื้อ #23: รอยืนยันยกเลิก', 'คำสั่งซื้อ #23: รอยืนยันยกเลิก', 1, '2025-08-22 21:20:04'),
(26, 4, 'order_status', 23, 'คำสั่งซื้อ #23: รอยืนยันยกเลิก', 'คำสั่งซื้อ #23: รอยืนยันยกเลิก', 1, '2025-08-22 21:25:05'),
(27, 4, 'order_status', 23, 'คำขอยกเลิกได้รับการอนุมัติ', 'คำสั่งซื้อ #23 ถูกยกเลิกเรียบร้อย', 1, '2025-08-22 21:25:50'),
(28, 4, 'order_status', 23, 'คำสั่งซื้อ #23: รอยืนยันยกเลิก', 'คำสั่งซื้อ #23: รอยืนยันยกเลิก', 1, '2025-08-22 21:26:00'),
(29, 4, 'order_status', 23, 'คำขอยกเลิกได้รับการอนุมัติ', 'คำสั่งซื้อ #23 ถูกยกเลิกเรียบร้อย', 1, '2025-08-22 21:26:09'),
(30, 4, 'order_status', 24, 'คำขอยกเลิกได้รับการอนุมัติ', 'คำสั่งซื้อ #24 ถูกยกเลิกเรียบร้อย', 1, '2025-08-22 21:27:42'),
(31, 4, 'order_status', 24, 'คำสั่งซื้อ #24: ใหม่/กำลังตรวจสอบ', 'คำสั่งซื้อ #24: ใหม่/กำลังตรวจสอบ', 1, '2025-08-22 21:35:38'),
(32, 4, 'order_status', 24, 'คำขอยกเลิกถูกปฏิเสธ', 'คำสั่งซื้อ #24 ยังดำเนินการต่อ', 1, '2025-08-22 21:38:57'),
(33, 4, 'order_status', 24, 'คำขอยกเลิกได้รับการอนุมัติ', 'คำสั่งซื้อ #24 ถูกยกเลิกเรียบร้อย', 1, '2025-08-22 21:46:45'),
(34, 4, 'order_status', 25, 'คำขอยกเลิกได้รับการอนุมัติ', 'คำสั่งซื้อ #25 ถูกยกเลิกเรียบร้อย', 1, '2025-08-22 21:47:41'),
(35, 4, 'order_status', 26, 'คำสั่งซื้อ #26: กำลังเตรียม/แพ็ค', 'คำสั่งซื้อ #26: กำลังเตรียม/แพ็ค', 1, '2025-08-22 21:57:08'),
(36, 4, 'order_status', 26, 'คำสั่งซื้อ #26: ส่งออกจากคลัง', 'คำสั่งซื้อ #26: ส่งออกจากคลัง', 1, '2025-08-22 21:57:22'),
(37, 4, 'order_status', 26, 'คำสั่งซื้อ #26: ถึงปลายทาง', 'คำสั่งซื้อ #26: ถึงปลายทาง', 1, '2025-08-22 21:57:32'),
(38, 4, 'order_status', 26, 'คำสั่งซื้อ #26: เสร็จสิ้น', 'คำสั่งซื้อ #26: เสร็จสิ้น', 1, '2025-08-22 21:58:10'),
(39, 4, 'order_status', 26, 'คำสั่งซื้อ #26: ยกเลิก', 'คำสั่งซื้อ #26: ยกเลิก', 1, '2025-08-22 21:58:22'),
(40, 3, 'cancel_request', 27, 'มีคำขอยกเลิกใหม่', 'คำสั่งซื้อ #27 จากผู้ใช้ user', 1, '2025-08-23 07:38:07'),
(41, 4, 'order_status', 27, 'คำขอยกเลิกได้รับการอนุมัติ', 'คำสั่งซื้อ #27 ถูกยกเลิกเรียบร้อย', 1, '2025-08-23 07:38:24'),
(42, 3, 'new_order_cod', 28, 'ออเดอร์ใหม่ (ปลายทาง)', 'คำสั่งซื้อ #28 จาก user', 1, '2025-08-23 08:03:15'),
(43, 4, 'order_status', 28, 'สั่งซื้อสำเร็จ', 'คำสั่งซื้อ #28 ชำระแบบเก็บเงินปลายทาง', 1, '2025-08-23 08:03:15'),
(44, 3, 'new_order_bank', 29, 'ออเดอร์ใหม่ (โอนธนาคาร)', 'คำสั่งซื้อ #29 จาก user • รอตรวจสลิป', 1, '2025-08-23 08:03:33'),
(45, 4, 'payment_status', 29, 'สั่งซื้อสำเร็จ - กรุณาโอนเงิน', 'คำสั่งซื้อ #29 ภายใน 23/08/2025 15:18 และอัปโหลดสลิปในหน้า ‘คำสั่งซื้อของฉัน’', 1, '2025-08-23 08:03:33'),
(46, 4, 'order_status', 29, 'คำสั่งซื้อ #29: ยกเลิก', 'คำสั่งซื้อ #29: ยกเลิก', 1, '2025-08-23 08:04:16'),
(47, 4, 'order_status', 28, 'คำสั่งซื้อ #28: ยกเลิก', 'คำสั่งซื้อ #28: ยกเลิก', 1, '2025-08-23 08:04:18'),
(48, 3, 'new_order_bank', 30, 'ออเดอร์ใหม่ (โอนธนาคาร)', 'คำสั่งซื้อ #30 จาก user • รอตรวจสลิป', 1, '2025-08-23 08:09:33'),
(49, 4, 'payment_status', 30, 'สั่งซื้อสำเร็จ - กรุณาโอนเงิน', 'คำสั่งซื้อ #30 ภายใน 23/08/2025 15:24 และอัปโหลดสลิปในหน้า ‘คำสั่งซื้อของฉัน’', 1, '2025-08-23 08:09:33'),
(50, 4, 'order_status', 30, 'คำสั่งซื้อ #30: ยกเลิก', 'คำสั่งซื้อ #30: ยกเลิก', 1, '2025-08-23 08:10:28'),
(51, 4, 'payment_status', 30, 'อัปเดตการชำระเงิน', 'คำสั่งซื้อ #30 สถานะการชำระเงิน: ยังไม่ชำระ', 1, '2025-08-23 08:10:32'),
(52, 3, 'new_order_bank', 31, 'ออเดอร์ใหม่ (โอนธนาคาร)', 'คำสั่งซื้อ #31 จาก user • รอตรวจสลิป', 1, '2025-08-23 08:10:43'),
(53, 4, 'payment_status', 31, 'สั่งซื้อสำเร็จ - กรุณาโอนเงิน', 'คำสั่งซื้อ #31 ภายใน 23/08/2025 15:25 และอัปโหลดสลิปในหน้า ‘คำสั่งซื้อของฉัน’', 1, '2025-08-23 08:10:43'),
(54, 4, 'order_status', 31, 'คำสั่งซื้อ #31: ยกเลิก', 'คำสั่งซื้อ #31: ยกเลิก', 1, '2025-08-23 08:18:45'),
(55, 4, 'payment_status', 31, 'อัปเดตการชำระเงิน', 'คำสั่งซื้อ #31 สถานะการชำระเงิน: ยังไม่ชำระ', 1, '2025-08-23 08:18:47'),
(56, 3, 'new_order_bank', 32, 'ออเดอร์ใหม่ (โอนธนาคาร)', 'คำสั่งซื้อ #32 จาก user • รอตรวจสลิป', 1, '2025-08-23 08:19:59'),
(57, 4, 'payment_status', 32, 'สั่งซื้อสำเร็จ - กรุณาโอนเงิน', 'คำสั่งซื้อ #32 ภายใน 23/08/2025 15:34 และอัปโหลดสลิปในหน้า ‘คำสั่งซื้อของฉัน’', 1, '2025-08-23 08:19:59'),
(58, 3, 'slip_uploaded', 32, 'มีสลิปใหม่รอตรวจสอบ', 'คำสั่งซื้อ #32 จากผู้ใช้ UID 4', 1, '2025-08-23 08:20:08'),
(59, 4, 'payment_status', 32, 'รับสลิปแล้ว - รอตรวจสอบ', 'คำสั่งซื้อ #32 กำลังรอตรวจสอบสลิป', 1, '2025-08-23 08:20:08'),
(60, 3, 'cancel_request', 32, 'มีคำขอยกเลิกใหม่', 'คำสั่งซื้อ #32 จากผู้ใช้ user', 1, '2025-08-23 08:21:45'),
(61, 4, 'order_status', 32, 'คำขอยกเลิกถูกปฏิเสธ', 'คำสั่งซื้อ #32 ยังดำเนินการต่อ • เหตุผล: ขอเลข บช ในการชำระคืนด้วยครับ', 1, '2025-08-23 08:23:21'),
(62, 4, 'payment_status', 32, 'อัปเดตการชำระเงิน', 'คำสั่งซื้อ #32 สถานะการชำระเงิน: หมดเวลาชำระ', 1, '2025-08-23 08:23:41'),
(63, 4, 'order_status', 32, 'คำสั่งซื้อ #32: ยกเลิก', 'คำสั่งซื้อ #32: ยกเลิก', 1, '2025-08-23 08:23:46'),
(64, 4, 'payment_status', 32, 'อัปเดตการชำระเงิน', 'คำสั่งซื้อ #32 สถานะการชำระเงิน: รอตรวจสอบ', 1, '2025-08-23 08:23:48'),
(65, 4, 'payment_status', 32, 'อัปเดตการชำระเงิน', 'คำสั่งซื้อ #32 สถานะการชำระเงิน: ยังไม่ชำระ', 1, '2025-08-23 08:23:49'),
(66, 3, 'new_order_bank', 33, 'ออเดอร์ใหม่ (โอนธนาคาร)', 'คำสั่งซื้อ #33 จาก user • รอตรวจสลิป', 1, '2025-08-23 08:24:29'),
(67, 4, 'payment_status', 33, 'สั่งซื้อสำเร็จ - กรุณาโอนเงิน', 'คำสั่งซื้อ #33 ภายใน 23/08/2025 15:39 และอัปโหลดสลิปในหน้า ‘คำสั่งซื้อของฉัน’', 1, '2025-08-23 08:24:29'),
(68, 4, 'payment_status', 33, 'หมดเวลาชำระเงิน', 'คำสั่งซื้อ #33 หมดเวลาชำระแล้ว', 1, '2025-08-23 08:42:19'),
(69, 3, 'order_expired', 33, 'ออเดอร์หมดเวลาชำระ', 'คำสั่งซื้อ #33 หมดเวลา (โอนธนาคาร)', 1, '2025-08-23 08:42:19'),
(70, 3, 'new_order_cod', 34, 'ออเดอร์ใหม่ (ปลายทาง)', 'คำสั่งซื้อ #34 จาก user', 1, '2025-08-23 08:51:19'),
(71, 4, 'order_status', 34, 'สั่งซื้อสำเร็จ', 'คำสั่งซื้อ #34 ชำระแบบเก็บเงินปลายทาง', 1, '2025-08-23 08:51:19'),
(72, 3, 'new_order_bank', 35, 'ออเดอร์ใหม่ (โอนธนาคาร)', 'คำสั่งซื้อ #35 จาก user • รอตรวจสลิป', 1, '2025-08-23 08:51:29'),
(73, 4, 'payment_status', 35, 'สั่งซื้อสำเร็จ - กรุณาโอนเงิน', 'คำสั่งซื้อ #35 ภายใน 23/08/2025 16:06 และอัปโหลดสลิปในหน้า ‘คำสั่งซื้อของฉัน’', 1, '2025-08-23 08:51:29'),
(74, 4, 'order_status', 33, 'คำสั่งซื้อ #33: ยกเลิก', 'คำสั่งซื้อ #33: ยกเลิก', 1, '2025-08-23 08:53:27'),
(75, 4, 'payment_status', 33, 'อัปเดตการชำระเงิน', 'คำสั่งซื้อ #33 สถานะการชำระเงิน: หมดเวลาชำระ', 1, '2025-08-23 08:53:29'),
(76, 4, 'payment_status', 33, 'อัปเดตการชำระเงิน', 'คำสั่งซื้อ #33 สถานะการชำระเงิน: หมดเวลาชำระ', 1, '2025-08-23 08:53:34'),
(77, 4, 'payment_status', 33, 'อัปเดตการชำระเงิน', 'คำสั่งซื้อ #33 สถานะการชำระเงิน: หมดเวลาชำระ', 1, '2025-08-23 08:57:02'),
(78, 4, 'payment_status', 33, 'อัปเดตการชำระเงิน', 'คำสั่งซื้อ #33 สถานะการชำระเงิน: รอตรวจสอบ', 1, '2025-08-23 08:57:04'),
(79, 4, 'payment_status', 33, 'อัปเดตการชำระเงิน', 'คำสั่งซื้อ #33 สถานะการชำระเงิน: ยังไม่ชำระ', 1, '2025-08-23 08:57:05'),
(80, 4, 'payment_status', 35, 'หมดเวลาชำระเงิน', 'คำสั่งซื้อ #35 หมดเวลาชำระแล้ว', 1, '2025-08-23 09:06:29'),
(81, 3, 'order_expired', 35, 'ออเดอร์หมดเวลาชำระ', 'คำสั่งซื้อ #35 หมดเวลา (โอนธนาคาร)', 1, '2025-08-23 09:06:29'),
(82, 4, 'payment_status', 35, 'อัปเดตการชำระเงิน', 'คำสั่งซื้อ #35 สถานะการชำระเงิน: หมดเวลาชำระ', 1, '2025-08-23 09:20:05'),
(83, 4, 'order_status', 35, 'คำสั่งซื้อ #35: ยกเลิก', 'คำสั่งซื้อ #35: ยกเลิก', 1, '2025-08-23 09:20:09'),
(84, 3, 'new_order_bank', 36, 'ออเดอร์ใหม่ (โอนธนาคาร)', 'คำสั่งซื้อ #36 จาก user • รอชำระเงิน ภายใน 23/08/2025 16:35', 1, '2025-08-23 09:20:23'),
(85, 4, 'payment_status', 36, 'สั่งซื้อสำเร็จ - กรุณาโอนเงิน', 'คำสั่งซื้อ #36 ภายใน 23/08/2025 16:35 และอัปโหลดสลิปในหน้า ‘คำสั่งซื้อของฉัน’', 1, '2025-08-23 09:20:23'),
(86, 4, 'payment_status', 36, 'หมดเวลาชำระเงิน', 'คำสั่งซื้อ #36 หมดเวลาชำระแล้ว', 1, '2025-08-23 09:35:49'),
(87, 3, 'order_expired', 36, 'ออเดอร์หมดเวลาชำระ', 'คำสั่งซื้อ #36 หมดเวลา (โอนธนาคาร)', 1, '2025-08-23 09:35:49'),
(88, 4, 'order_status', 36, 'คำสั่งซื้อ #36: ยกเลิก', 'คำสั่งซื้อ #36: ยกเลิก', 1, '2025-08-23 09:45:10'),
(89, 4, 'payment_status', 36, 'อัปเดตการชำระเงิน', 'คำสั่งซื้อ #36 สถานะการชำระเงิน: หมดเวลาชำระ', 1, '2025-08-23 09:45:12'),
(90, 3, 'new_order_bank', 37, 'ออเดอร์ใหม่ (โอนธนาคาร)', 'คำสั่งซื้อ #37 จาก user • รอชำระเงิน ภายใน 23/08/2025 17:00', 1, '2025-08-23 09:45:41'),
(91, 4, 'payment_status', 37, 'สั่งซื้อสำเร็จ - กรุณาโอนเงิน', 'คำสั่งซื้อ #37 ภายใน 23/08/2025 17:00 และอัปโหลดสลิปในหน้า ‘คำสั่งซื้อของฉัน’', 1, '2025-08-23 09:45:41'),
(92, 4, 'order_status', 34, 'คำสั่งซื้อ #34: ยกเลิก', 'คำสั่งซื้อ #34: ยกเลิก', 1, '2025-08-23 09:45:48'),
(93, 4, 'payment_status', 37, 'หมดเวลาชำระเงิน', 'คำสั่งซื้อ #37 หมดเวลาชำระแล้ว', 1, '2025-08-23 10:02:50'),
(94, 3, 'order_expired', 37, 'ออเดอร์หมดเวลาชำระ', 'คำสั่งซื้อ #37 หมดเวลา (โอนธนาคาร)', 1, '2025-08-23 10:02:50'),
(95, 4, 'order_status', 37, 'คำสั่งซื้อ #37: ยกเลิก', 'คำสั่งซื้อ #37: ยกเลิก', 1, '2025-08-23 10:03:00'),
(96, 3, 'support_msg', 1, 'มีข้อความใหม่จากลูกค้า', 'UID 4: สวัสดีครับ', 1, '2025-08-23 10:55:55'),
(97, 4, 'support_msg', 2, 'แอดมินตอบกลับข้อความ', 'ครับ', 1, '2025-08-23 10:59:29'),
(98, 4, 'support_msg', 3, 'แอดมินตอบกลับข้อความ', 'สวัสดีครับ', 1, '2025-08-23 11:03:16'),
(99, 3, 'support_msg', 4, 'มีข้อความใหม่จากลูกค้า', 'UID 5: สวัสดีครับ', 1, '2025-08-23 11:06:07'),
(100, 3, 'support_msg', 5, 'มีข้อความใหม่จากลูกค้า', 'UID 5: อิดครับ', 1, '2025-08-23 11:06:45'),
(101, 4, 'payment_status', 32, 'อัปเดตการชำระเงิน', 'คำสั่งซื้อ #32 สถานะการชำระเงิน: รอตรวจสอบ', 1, '2025-08-23 11:26:09'),
(102, 4, 'payment_status', 32, 'อัปเดตการชำระเงิน', 'คำสั่งซื้อ #32 สถานะการชำระเงิน: ยังไม่ชำระ', 1, '2025-08-23 11:26:10'),
(103, 3, 'support_msg', 6, 'มีข้อความใหม่จากลูกค้า', 'UID 5: แอดมินครับ', 1, '2025-08-23 12:04:14'),
(104, 5, 'support_msg', 7, 'แอดมินตอบกลับข้อความ', 'ครับผม', 1, '2025-08-23 12:04:34'),
(105, 4, 'support_end', 0, 'สิ้นสุดการแชท', 'คุณได้สิ้นสุดการสนทนาแล้ว สามารถเริ่มใหม่ได้ทุกเมื่อ', 1, '2025-08-24 18:49:50'),
(106, 3, 'support_msg', 8, 'มีข้อความใหม่จากลูกค้า', 'UID 4: สวัสดีครับ', 1, '2025-08-24 18:51:53'),
(107, 4, 'support_msg', 9, 'แอดมินตอบกลับข้อความ', 'ครับ', 1, '2025-08-24 18:52:08'),
(108, 4, 'support_end', 0, 'สิ้นสุดการแชท', 'แอดมินได้สิ้นสุดการสนทนาแล้ว คุณสามารถเริ่มแชทใหม่ได้ทุกเมื่อ', 1, '2025-08-24 19:04:01'),
(109, 5, 'support_end', 0, 'สิ้นสุดการแชท', 'แอดมินได้สิ้นสุดการสนทนาแล้ว คุณสามารถเริ่มแชทใหม่ได้ทุกเมื่อ', 1, '2025-08-24 19:04:17'),
(110, 3, 'support_msg', 10, 'มีข้อความใหม่จากลูกค้า', 'UID 4: สวัสดีครับ', 1, '2025-08-24 19:06:04'),
(111, 4, 'support_msg', 11, 'แอดมินตอบกลับข้อความ', 'ครับผม', 1, '2025-08-24 19:15:06'),
(112, 4, 'support_end', 0, 'สิ้นสุดการแชท', 'คุณได้สิ้นสุดการสนทนาแล้ว สามารถเริ่มใหม่ได้ทุกเมื่อ', 1, '2025-08-24 19:15:17'),
(113, 3, 'new_order_cod', 38, 'ออเดอร์ใหม่ (ปลายทาง)', 'คำสั่งซื้อ #38 จาก user', 1, '2025-08-24 19:24:11'),
(114, 4, 'order_status', 38, 'สั่งซื้อสำเร็จ', 'คำสั่งซื้อ #38 ชำระแบบเก็บเงินปลายทาง', 1, '2025-08-24 19:24:11'),
(115, 4, 'order_status', 38, 'คำสั่งซื้อ #38: ยกเลิก', 'คำสั่งซื้อ #38: ยกเลิก', 1, '2025-08-24 19:24:22'),
(116, 3, 'new_order_bank', 39, 'ออเดอร์ใหม่ (โอนธนาคาร)', 'คำสั่งซื้อ #39 จาก user • รอชำระเงิน ภายใน 25/08/2025 02:39', 1, '2025-08-24 19:24:43'),
(117, 4, 'payment_status', 39, 'สั่งซื้อสำเร็จ - กรุณาโอนเงิน', 'คำสั่งซื้อ #39 ภายใน 25/08/2025 02:39 และอัปโหลดสลิปในหน้า ‘คำสั่งซื้อของฉัน’', 1, '2025-08-24 19:24:43'),
(118, 3, 'support_msg', 12, 'มีข้อความใหม่จากลูกค้า', 'UID 4: สวัสดีครับ', 1, '2025-08-24 19:25:02'),
(119, 4, 'support_msg', 13, 'แอดมินตอบกลับข้อความ', 'ควยไร', 1, '2025-08-24 19:25:22'),
(120, 4, 'support_end', 0, 'สิ้นสุดการแชท', 'คุณได้สิ้นสุดการสนทนาแล้ว สามารถเริ่มใหม่ได้ทุกเมื่อ', 1, '2025-08-24 19:25:33'),
(121, 4, 'payment_status', 39, 'อัปเดตการชำระเงิน', 'คำสั่งซื้อ #39 สถานะการชำระเงิน: ชำระแล้ว', 1, '2025-08-26 18:01:53'),
(122, 4, 'order_status', 39, 'คำสั่งซื้อ #39: ยกเลิก', 'คำสั่งซื้อ #39: ยกเลิก', 1, '2025-08-26 18:01:56'),
(123, 4, 'payment_status', 39, 'อัปเดตการชำระเงิน', 'คำสั่งซื้อ #39 สถานะการชำระเงิน: ยังไม่ชำระ', 1, '2025-08-26 18:01:57'),
(124, 4, 'payment_status', 39, 'อัปเดตการชำระเงิน', 'คำสั่งซื้อ #39 สถานะการชำระเงิน: รอตรวจสอบ', 1, '2025-09-02 15:18:11'),
(125, 4, 'payment_status', 39, 'อัปเดตการชำระเงิน', 'คำสั่งซื้อ #39 สถานะการชำระเงิน: ชำระแล้ว', 1, '2025-09-02 15:18:15'),
(126, 4, 'payment_status', 39, 'อัปเดตการชำระเงิน', 'คำสั่งซื้อ #39 สถานะการชำระเงิน: ยังไม่ชำระ', 1, '2025-09-02 15:18:17'),
(127, 3, 'new_order_bank', 40, 'ออเดอร์ใหม่ (โอนธนาคาร)', 'คำสั่งซื้อ #40 จาก user • รอชำระเงิน ภายใน 02/09/2025 23:59', 1, '2025-09-02 16:44:01'),
(128, 4, 'payment_status', 40, 'สั่งซื้อสำเร็จ - กรุณาโอนเงิน', 'คำสั่งซื้อ #40 ภายใน 02/09/2025 23:59 และอัปโหลดสลิปในหน้า ‘คำสั่งซื้อของฉัน’', 1, '2025-09-02 16:44:01'),
(129, 4, 'order_status', 40, 'คำสั่งซื้อ #40: กำลังเตรียม/แพ็ค', 'คำสั่งซื้อ #40: กำลังเตรียม/แพ็ค', 1, '2025-09-02 16:52:07'),
(130, 4, 'order_status', 40, 'คำสั่งซื้อ #40: ใหม่/กำลังตรวจสอบ', 'คำสั่งซื้อ #40: ใหม่/กำลังตรวจสอบ', 1, '2025-09-02 16:52:09'),
(131, 4, 'payment_status', 40, 'อัปเดตการชำระเงิน', 'คำสั่งซื้อ #40 สถานะการชำระเงิน: หมดเวลาชำระ', 1, '2025-09-02 16:59:56'),
(132, 4, 'order_status', 40, 'คำสั่งซื้อ #40: ยกเลิก', 'คำสั่งซื้อ #40: ยกเลิก', 1, '2025-09-02 17:00:05'),
(133, 4, 'payment_status', 40, 'อัปเดตการชำระเงิน', 'คำสั่งซื้อ #40 สถานะการชำระเงิน: หมดเวลาชำระ', 1, '2025-09-02 17:00:07'),
(134, 4, 'payment_status', 40, 'อัปเดตการชำระเงิน', 'คำสั่งซื้อ #40 สถานะการชำระเงิน: รอตรวจสอบ', 1, '2025-09-02 17:00:09'),
(135, 4, 'payment_status', 40, 'อัปเดตการชำระเงิน', 'คำสั่งซื้อ #40 สถานะการชำระเงิน: หมดเวลาชำระ', 1, '2025-09-02 17:00:10'),
(136, 4, 'payment_status', 40, 'อัปเดตการชำระเงิน', 'คำสั่งซื้อ #40 สถานะการชำระเงิน: หมดเวลาชำระ', 1, '2025-09-02 17:04:39'),
(137, 4, 'payment_status', 37, 'อัปเดตการชำระเงิน', 'คำสั่งซื้อ #37 สถานะการชำระเงิน: หมดเวลาชำระ', 1, '2025-09-02 17:04:43'),
(138, 4, 'payment_status', 36, 'อัปเดตการชำระเงิน', 'คำสั่งซื้อ #36 สถานะการชำระเงิน: หมดเวลาชำระ', 1, '2025-09-02 17:04:44'),
(139, 4, 'payment_status', 35, 'อัปเดตการชำระเงิน', 'คำสั่งซื้อ #35 สถานะการชำระเงิน: หมดเวลาชำระ', 1, '2025-09-02 17:04:45'),
(140, 4, 'payment_status', 13, 'อัปเดตการชำระเงิน', 'คำสั่งซื้อ #13 สถานะการชำระเงิน: หมดเวลาชำระ', 1, '2025-09-02 17:04:50'),
(141, 4, 'payment_status', 10, 'อัปเดตการชำระเงิน', 'คำสั่งซื้อ #10 สถานะการชำระเงิน: หมดเวลาชำระ', 1, '2025-09-02 17:04:52'),
(142, 4, 'payment_status', 9, 'อัปเดตการชำระเงิน', 'คำสั่งซื้อ #9 สถานะการชำระเงิน: หมดเวลาชำระ', 1, '2025-09-02 17:04:54'),
(143, 4, 'payment_status', 8, 'อัปเดตการชำระเงิน', 'คำสั่งซื้อ #8 สถานะการชำระเงิน: หมดเวลาชำระ', 1, '2025-09-02 17:04:55'),
(144, 3, 'new_order_bank', 41, 'ออเดอร์ใหม่ (โอนธนาคาร)', 'คำสั่งซื้อ #41 จาก user • รอชำระเงิน ภายใน 03/09/2025 00:23', 1, '2025-09-02 17:08:59'),
(145, 4, 'payment_status', 41, 'สั่งซื้อสำเร็จ - กรุณาโอนเงิน', 'คำสั่งซื้อ #41 ภายใน 03/09/2025 00:23 และอัปโหลดสลิปในหน้า ‘คำสั่งซื้อของฉัน’', 1, '2025-09-02 17:08:59'),
(146, 3, 'support_msg', 14, 'มีข้อความใหม่จากลูกค้า', 'UID 4: สวัสดีครับ', 1, '2025-09-02 19:09:14'),
(147, 4, 'support_msg', 15, 'แอดมินตอบกลับข้อความ', 'ครับผม', 1, '2025-09-02 19:10:05'),
(148, 4, 'payment_status', 41, 'อัปเดตการชำระเงิน', 'คำสั่งซื้อ #41 สถานะการชำระเงิน: รอตรวจสอบ', 1, '2025-09-03 09:17:42'),
(149, 4, 'payment_status', 41, 'อัปเดตการชำระเงิน', 'คำสั่งซื้อ #41 สถานะการชำระเงิน: ชำระแล้ว', 1, '2025-09-03 09:17:45'),
(150, 4, 'order_status', 41, 'คำสั่งซื้อ #41: กำลังเตรียม/แพ็ค', 'คำสั่งซื้อ #41: กำลังเตรียม/แพ็ค', 1, '2025-09-03 09:17:48'),
(151, 4, 'order_status', 41, 'คำสั่งซื้อ #41: ส่งออกจากคลัง', 'คำสั่งซื้อ #41: ส่งออกจากคลัง', 1, '2025-09-03 09:17:51'),
(152, 4, 'order_status', 41, 'คำสั่งซื้อ #41: ยกเลิก', 'คำสั่งซื้อ #41: ยกเลิก', 1, '2025-09-03 09:17:54'),
(153, 4, 'payment_status', 41, 'อัปเดตการชำระเงิน', 'คำสั่งซื้อ #41 สถานะการชำระเงิน: หมดเวลาชำระ', 1, '2025-09-03 09:17:57'),
(154, 3, 'new_order_bank', 42, 'ออเดอร์ใหม่ (โอนธนาคาร)', 'คำสั่งซื้อ #42 จาก user • รอชำระเงิน ภายใน 03/09/2025 17:14', 1, '2025-09-03 09:59:13'),
(155, 4, 'payment_status', 42, 'สั่งซื้อสำเร็จ - กรุณาโอนเงิน', 'คำสั่งซื้อ #42 ภายใน 03/09/2025 17:14 และอัปโหลดสลิปในหน้า ‘คำสั่งซื้อของฉัน’', 1, '2025-09-03 09:59:13'),
(156, 3, 'cancel_request', 42, 'มีคำขอยกเลิกใหม่', 'คำสั่งซื้อ #42 จากผู้ใช้ user', 1, '2025-09-03 10:00:12'),
(157, 4, 'order_status', 42, 'คำขอยกเลิกได้รับการอนุมัติ', 'คำสั่งซื้อ #42 ถูกยกเลิกเรียบร้อย', 1, '2025-09-03 10:00:32'),
(158, 3, 'slip_uploaded', 42, 'มีสลิปใหม่รอตรวจสอบ', 'คำสั่งซื้อ #42 จากผู้ใช้ UID 4', 1, '2025-09-03 10:01:04'),
(159, 4, 'payment_status', 42, 'รับสลิปแล้ว - รอตรวจสอบ', 'คำสั่งซื้อ #42 กำลังรอตรวจสอบสลิป', 1, '2025-09-03 10:01:04'),
(160, 4, 'payment_status', 42, 'อัปเดตการชำระเงิน', 'คำสั่งซื้อ #42 สถานะการชำระเงิน: หมดเวลาชำระ', 1, '2025-09-03 10:02:00'),
(161, 4, 'support_end', 0, 'สิ้นสุดการแชท', 'คุณได้สิ้นสุดการสนทนาแล้ว สามารถเริ่มใหม่ได้ทุกเมื่อ', 1, '2025-09-05 09:21:21'),
(162, 3, 'new_order_bank', 43, 'ออเดอร์ใหม่ (โอนธนาคาร)', 'คำสั่งซื้อ #43 จาก user • รอชำระเงิน ภายใน 05/09/2025 16:55', 1, '2025-09-05 09:40:47'),
(163, 4, 'payment_status', 43, 'สั่งซื้อสำเร็จ - กรุณาโอนเงิน', 'คำสั่งซื้อ #43 ภายใน 05/09/2025 16:55 และอัปโหลดสลิปในหน้า ‘คำสั่งซื้อของฉัน’', 1, '2025-09-05 09:40:47'),
(164, 3, 'slip_uploaded', 43, 'มีสลิปใหม่รอตรวจสอบ', 'คำสั่งซื้อ #43 จากผู้ใช้ UID 4', 1, '2025-09-05 09:41:04'),
(165, 4, 'payment_status', 43, 'รับสลิปแล้ว - รอตรวจสอบ', 'คำสั่งซื้อ #43 กำลังรอตรวจสอบสลิป', 1, '2025-09-05 09:41:04'),
(166, 4, 'payment_status', 43, 'อัปเดตการชำระเงิน', 'คำสั่งซื้อ #43 สถานะการชำระเงิน: ยังไม่ชำระ', 1, '2025-09-05 09:41:38'),
(167, 4, 'order_status', 43, 'คำสั่งซื้อ #43: ยกเลิก', 'คำสั่งซื้อ #43: ยกเลิก', 1, '2025-09-05 09:41:39'),
(168, 4, 'payment_status', 43, 'อัปเดตการชำระเงิน', 'คำสั่งซื้อ #43 สถานะการชำระเงิน: หมดเวลาชำระ', 1, '2025-09-05 09:41:40'),
(169, 4, 'schedule_proposed', 9, 'มีข้อเสนอเวลานัดใหม่', 'แอดมินเสนอเวลา: 2025-09-07 13:50:00 - 2025-09-07 15:20:00', 1, '2025-09-05 18:01:54'),
(170, 3, 'schedule_confirmed', 9, 'ลูกค้ายืนยันเวลานัด', 'ลูกค้ายืนยันเวลานัดของใบงาน ST-9', 1, '2025-09-05 18:02:59'),
(171, 3, 'new_order_cod', 44, 'ออเดอร์ใหม่ (ปลายทาง)', 'คำสั่งซื้อ #44 จาก user', 1, '2025-09-30 20:00:20'),
(172, 4, 'order_status', 44, 'สั่งซื้อสำเร็จ', 'คำสั่งซื้อ #44 ชำระแบบเก็บเงินปลายทาง', 1, '2025-09-30 20:00:20'),
(173, 4, 'order_status', 44, 'คำสั่งซื้อ #44: ยกเลิก', 'คำสั่งซื้อ #44: ยกเลิก', 1, '2025-09-30 20:00:51'),
(174, 3, 'new_order_cod', 45, 'ออเดอร์ใหม่ (ปลายทาง)', 'คำสั่งซื้อ #45 จาก user', 1, '2025-09-30 20:49:12'),
(175, 4, 'order_status', 45, 'สั่งซื้อสำเร็จ', 'คำสั่งซื้อ #45 ชำระแบบเก็บเงินปลายทาง', 1, '2025-09-30 20:49:12'),
(176, 4, 'order_status', 45, 'คำสั่งซื้อ #45: ยกเลิก', 'คำสั่งซื้อ #45: ยกเลิก', 1, '2025-09-30 20:49:54'),
(177, 3, 'new_order_bank', 46, 'ออเดอร์ใหม่ (โอนธนาคาร)', 'คำสั่งซื้อ #46 จาก user • รอชำระเงิน ภายใน 07/10/2025 04:03', 1, '2025-10-06 20:48:53'),
(178, 4, 'payment_status', 46, 'สั่งซื้อสำเร็จ - กรุณาโอนเงิน', 'คำสั่งซื้อ #46 ภายใน 07/10/2025 04:03 และอัปโหลดสลิปในหน้า ‘คำสั่งซื้อของฉัน’', 1, '2025-10-06 20:48:53'),
(179, 3, 'support_msg', 16, 'มีข้อความใหม่จากลูกค้า', 'UID 4: สวัสดีครับ', 1, '2025-10-08 01:40:40'),
(180, 4, 'support_end', 0, 'สิ้นสุดการแชท', 'คุณได้สิ้นสุดการสนทนาแล้ว สามารถเริ่มใหม่ได้ทุกเมื่อ', 1, '2025-10-08 01:40:47'),
(181, 3, 'support_msg', 17, 'มีข้อความใหม่จากลูกค้า', 'UID 4: สวัสดีครับ', 1, '2025-10-08 18:58:43'),
(182, 4, 'support_msg', 18, 'แอดมินตอบกลับข้อความ', 'ควยไร', 1, '2025-10-08 18:58:51'),
(183, 4, 'support_end', 0, 'สิ้นสุดการแชท', 'คุณได้สิ้นสุดการสนทนาแล้ว สามารถเริ่มใหม่ได้ทุกเมื่อ', 1, '2025-10-08 18:59:00'),
(184, 3, 'new_order_cod', 48, 'ออเดอร์ใหม่ (ปลายทาง)', 'คำสั่งซื้อ #48 จาก user', 1, '2025-10-08 19:01:17'),
(185, 4, 'order_status', 48, 'สั่งซื้อสำเร็จ', 'คำสั่งซื้อ #48 ชำระแบบเก็บเงินปลายทาง', 1, '2025-10-08 19:01:17'),
(186, 3, 'new_order_cod', 57, 'ออเดอร์ใหม่ (ปลายทาง)', 'คำสั่งซื้อ #57 จาก user • ใช้คูปองลด 10,426.50 บาท', 1, '2025-10-09 12:38:37'),
(187, 4, 'order_status', 57, 'สั่งซื้อสำเร็จ', 'คำสั่งซื้อ #57 ชำระแบบเก็บเงินปลายทาง • ได้รับส่วนลดคูปอง 10,426.50 บาท', 1, '2025-10-09 12:38:37'),
(188, 3, 'new_order_cod', 58, 'ออเดอร์ใหม่ (ปลายทาง)', 'คำสั่งซื้อ #58 จาก user', 1, '2025-10-09 12:43:53'),
(189, 4, 'order_status', 58, 'สั่งซื้อสำเร็จ', 'คำสั่งซื้อ #58 ชำระแบบเก็บเงินปลายทาง', 1, '2025-10-09 12:43:53'),
(190, 4, 'order_status', 57, 'คำสั่งซื้อ #57: ยกเลิก', 'คำสั่งซื้อ #57: ยกเลิก', 1, '2025-10-09 12:44:18'),
(191, 4, 'order_status', 48, 'คำสั่งซื้อ #48: ยกเลิก', 'คำสั่งซื้อ #48: ยกเลิก', 1, '2025-10-09 12:44:20'),
(192, 4, 'order_status', 58, 'คำสั่งซื้อ #58: ยกเลิก', 'คำสั่งซื้อ #58: ยกเลิก', 1, '2025-10-09 12:44:22'),
(193, 3, 'new_order_cod', 59, 'ออเดอร์ใหม่ (ปลายทาง)', 'คำสั่งซื้อ #59 จาก user • คูปองลด 10,426.50 บาท', 1, '2025-10-09 13:45:58'),
(194, 4, 'order_status', 59, 'สั่งซื้อสำเร็จ', 'คำสั่งซื้อ #59 เก็บเงินปลายทาง • ส่วนลดคูปอง 10,426.50 บาท', 1, '2025-10-09 13:45:58'),
(195, 4, 'order_status', 59, 'คำสั่งซื้อ #59: เสร็จสิ้น', 'คำสั่งซื้อ #59: เสร็จสิ้น', 1, '2025-10-09 15:29:18'),
(196, 4, 'payment_status', 59, 'อัปเดตการชำระเงิน', 'คำสั่งซื้อ #59 สถานะการชำระเงิน: ชำระแล้ว', 1, '2025-10-09 15:29:21'),
(197, 3, 'new_order_cod', 60, 'ออเดอร์ใหม่ (ปลายทาง)', 'คำสั่งซื้อ #60 จาก user', 1, '2025-10-09 15:57:04'),
(198, 4, 'order_status', 60, 'สั่งซื้อสำเร็จ', 'คำสั่งซื้อ #60 เก็บเงินปลายทาง', 1, '2025-10-09 15:57:04'),
(199, 4, 'order_status', 60, 'คำสั่งซื้อ #60: ยกเลิก', 'คำสั่งซื้อ #60: ยกเลิก', 1, '2025-10-09 15:57:16'),
(200, 3, 'new_order_cod', 61, 'ออเดอร์ใหม่ (ปลายทาง)', 'คำสั่งซื้อ #61 จาก user', 1, '2025-10-09 17:25:03'),
(201, 4, 'order_status', 61, 'สั่งซื้อสำเร็จ', 'คำสั่งซื้อ #61 เก็บเงินปลายทาง', 1, '2025-10-09 17:25:03'),
(202, 4, 'order_status', 61, 'คำสั่งซื้อ #61: ยกเลิก', 'คำสั่งซื้อ #61: ยกเลิก', 1, '2025-10-09 17:25:16'),
(203, 3, 'new_tradein', 6, 'คำขอเทิร์นใหม่', 'TI-6 จาก วีรยุทธ ศิริวัฒนานุกูล • เทิร์นซื้อใหม่ • สภาพ: working • เสนอราคา ~1.00฿', 1, '2025-10-09 18:10:57'),
(204, 4, 'tradein_status', 6, 'ส่งคำขอเทิร์นแล้ว', 'คำขอ TI-6 อยู่ระหว่างการประเมิน • เทิร์นซื้อใหม่', 1, '2025-10-09 18:10:57'),
(205, 4, 'tradein_status', 6, 'กำลังประเมิน', 'เทิร์นซื้อใหม่', 1, '2025-10-09 18:28:13'),
(206, 4, 'tradein_status', 6, 'กำลังประเมิน', 'เทิร์นซื้อใหม่', 1, '2025-10-09 18:30:10'),
(207, 4, 'tradein_status', 6, 'มีราคาเสนอ', 'เทิร์นซื้อใหม่ • ราคาเสนอ ~1.00฿', 1, '2025-10-09 18:30:29'),
(208, 4, 'tradein_status', 6, 'รับคำขอแล้ว', 'เทิร์นซื้อใหม่', 1, '2025-10-09 18:31:02'),
(209, 4, 'service_status', 9, 'รับคำขอแล้ว', 'ติดตามรายละเอียดในหน้าใบงาน', 1, '2025-10-09 18:32:35'),
(210, 4, 'schedule_booked', 9, 'ยืนยันนัดหมายซ่อมแล้ว', '2025-09-06 00:00:00 — 2025-09-06 01:00:00', 1, '2025-10-09 18:32:51'),
(211, 4, 'service_status', 9, 'ยืนยันคิวซ่อม', 'ติดตามรายละเอียดในหน้าใบงาน', 1, '2025-10-09 18:32:51'),
(212, 4, 'service_status', 9, 'รับคำขอแล้ว', 'ติดตามรายละเอียดในหน้าใบงาน', 1, '2025-10-09 18:32:53'),
(213, 4, 'schedule_booked', 9, 'ยืนยันนัดหมายซ่อมแล้ว', '2025-09-06 00:00:00 — 2025-09-06 01:00:00', 1, '2025-10-09 18:33:31'),
(214, 4, 'service_status', 9, 'ยืนยันคิวซ่อม', 'ติดตามรายละเอียดในหน้าใบงาน', 1, '2025-10-09 18:33:31'),
(215, 4, 'service_status', 9, 'ใบงานถูกยกเลิก', 'ติดตามรายละเอียดในหน้าใบงาน', 1, '2025-10-09 18:33:48'),
(216, 3, 'new_repair', 11, 'ใบงานซ่อมใหม่', 'ST-11 จาก วีรยุทธ ศิริวัฒนานุกูล', 1, '2025-10-09 18:34:07'),
(217, 4, 'service_status', 11, 'ส่งคำขอซ่อมแล้ว', 'ใบงาน ST-11 เข้าคิวตรวจสอบ • วันที่ที่ต้องการ: 2025-10-10', 1, '2025-10-09 18:34:07'),
(218, 4, 'service_status', 11, 'รับคำขอแล้ว', 'ติดตามรายละเอียดในหน้าใบงาน', 1, '2025-10-09 18:36:08'),
(219, 4, 'service_status', 11, 'รับคำขอแล้ว', 'ติดตามรายละเอียดในหน้าใบงาน', 1, '2025-10-09 18:40:25'),
(220, 4, 'service_status', 11, 'รับคำขอแล้ว', 'ติดตามรายละเอียดในหน้าใบงาน', 1, '2025-10-09 18:40:26'),
(221, 4, 'service_status', 11, 'รับคำขอแล้ว', 'ติดตามรายละเอียดในหน้าใบงาน', 1, '2025-10-09 18:40:27'),
(222, 4, 'service_status', 11, 'รับคำขอแล้ว', 'ติดตามรายละเอียดในหน้าใบงาน', 1, '2025-10-09 18:40:27'),
(223, 4, 'service_status', 11, 'รับคำขอแล้ว', 'ติดตามรายละเอียดในหน้าใบงาน', 1, '2025-10-09 18:40:28'),
(224, 4, 'service_status', 11, 'รับคำขอแล้ว', 'ติดตามรายละเอียดในหน้าใบงาน', 1, '2025-10-09 18:40:28'),
(225, 4, 'schedule_booked', 11, 'ยืนยันนัดหมายซ่อมแล้ว', '2025-10-10 00:00:00 — 2025-10-10 01:00:00', 1, '2025-10-09 18:40:29'),
(226, 4, 'service_status', 11, 'ยืนยันคิวซ่อม', 'ติดตามรายละเอียดในหน้าใบงาน', 1, '2025-10-09 18:40:29'),
(227, 4, 'service_status', 11, 'รับคำขอแล้ว', 'ติดตามรายละเอียดในหน้าใบงาน', 1, '2025-10-09 18:40:30'),
(228, 4, 'service_status', 11, 'รับคำขอแล้ว', 'ติดตามรายละเอียดในหน้าใบงาน', 1, '2025-10-09 18:40:31'),
(229, 4, 'service_status', 11, 'รับคำขอแล้ว', 'ติดตามรายละเอียดในหน้าใบงาน', 1, '2025-10-09 18:40:31'),
(230, 4, 'service_status', 11, 'รับคำขอแล้ว', 'ติดตามรายละเอียดในหน้าใบงาน', 1, '2025-10-09 18:40:32'),
(231, 4, 'service_status', 11, 'รับคำขอแล้ว', 'ติดตามรายละเอียดในหน้าใบงาน', 1, '2025-10-09 18:40:38'),
(232, 4, 'service_status', 11, 'รับคำขอแล้ว', 'ติดตามรายละเอียดในหน้าใบงาน', 1, '2025-10-09 18:40:49'),
(233, 4, 'service_status', 11, 'รับคำขอแล้ว', 'ติดตามรายละเอียดในหน้าใบงาน', 1, '2025-10-09 18:41:13'),
(234, 4, 'tradein_status', 6, 'กำลังประเมิน', 'เทิร์นซื้อใหม่', 1, '2025-10-09 18:47:03'),
(235, 4, 'tradein_status', 6, 'มีราคาเสนอ', 'เทิร์นซื้อใหม่ • ราคาเสนอ ~1.00฿', 1, '2025-10-09 18:47:17'),
(236, 4, 'tradein_status', 6, 'มีข้อเสนอเทิร์นใหม่', 'เทิร์นซื้อใหม่ • ราคาเสนอ ~5,000.00฿', 1, '2025-10-09 18:47:25'),
(237, 4, 'tradein_status', 6, 'คำขอถูกยกเลิก', 'เทิร์นซื้อใหม่', 1, '2025-10-09 18:47:56'),
(238, 3, 'new_repair', 12, 'ใบงานซ่อมใหม่', 'ST-12 จาก วีรยุทธ ศิริวัฒนานุกูล', 1, '2025-10-09 18:48:26'),
(239, 4, 'service_status', 12, 'ส่งคำขอซ่อมแล้ว', 'ใบงาน ST-12 เข้าคิวตรวจสอบ • วันที่ที่ต้องการ: 2025-10-10', 1, '2025-10-09 18:48:26'),
(240, 4, 'schedule_proposed', 12, 'มีข้อเสนอเวลานัดใหม่', 'แอดมินเสนอเวลา: 2025-10-10 17:41:00 - 2025-10-10 18:41:00', 1, '2025-10-10 07:17:03'),
(241, 3, 'schedule_confirmed', 12, 'ลูกค้ายืนยันเวลานัด', 'ลูกค้ายืนยันเวลานัดของใบงาน ST-12', 1, '2025-10-10 09:50:48'),
(242, 3, 'new_order_cod', 62, 'ออเดอร์ใหม่ (ปลายทาง)', 'คำสั่งซื้อ #62 จาก user', 1, '2025-11-20 23:11:04'),
(243, 4, 'order_status', 62, 'สั่งซื้อสำเร็จ', 'คำสั่งซื้อ #62 เก็บเงินปลายทาง', 1, '2025-11-20 23:11:04'),
(244, 4, 'order_status', 62, 'คำสั่งซื้อ #62: ยกเลิก', 'คำสั่งซื้อ #62: ยกเลิก', 1, '2025-11-20 23:12:03'),
(245, 3, 'new_order_cod', 63, 'ออเดอร์ใหม่ (ปลายทาง)', 'คำสั่งซื้อ #63 จาก user', 1, '2025-11-20 23:12:35'),
(246, 4, 'order_status', 63, 'สั่งซื้อสำเร็จ', 'คำสั่งซื้อ #63 เก็บเงินปลายทาง', 1, '2025-11-20 23:12:35'),
(247, 4, 'order_status', 63, 'คำสั่งซื้อ #63: ยกเลิก', 'คำสั่งซื้อ #63: ยกเลิก', 1, '2025-11-20 23:12:42'),
(248, 3, 'new_order_bank', 64, 'ออเดอร์ใหม่ (โอนธนาคาร)', 'คำสั่งซื้อ #64 จาก user • รอชำระเงิน', 1, '2025-11-20 23:17:47'),
(249, 4, 'payment_status', 64, 'สั่งซื้อสำเร็จ - กรุณาโอนเงิน', 'คำสั่งซื้อ #64 กรุณาโอนเงินและอัปโหลดสลิป', 1, '2025-11-20 23:17:47'),
(250, 3, 'new_order_cod', 65, 'ออเดอร์ใหม่ (ปลายทาง)', 'คำสั่งซื้อ #65 จาก user', 1, '2025-11-20 23:30:43'),
(251, 4, 'order_status', 65, 'สั่งซื้อสำเร็จ', 'คำสั่งซื้อ #65 เก็บเงินปลายทาง', 1, '2025-11-20 23:30:43'),
(252, 4, 'order_status', 65, 'คำสั่งซื้อ #65: ยกเลิก', 'คำสั่งซื้อ #65: ยกเลิก', 1, '2025-11-20 23:30:59'),
(253, 4, 'order_status', 64, 'คำสั่งซื้อ #64: ยกเลิก', 'คำสั่งซื้อ #64: ยกเลิก', 1, '2025-11-20 23:31:02'),
(254, 4, 'tradein_status', 6, 'รับคำขอแล้ว', 'เทิร์นซื้อใหม่', 1, '2025-11-21 01:34:47'),
(255, 4, 'tradein_status', 6, 'กำลังประเมิน', 'เทิร์นซื้อใหม่', 1, '2025-11-21 01:34:59'),
(256, 4, 'tradein_status', 6, 'มีราคาเสนอ', 'เทิร์นซื้อใหม่ • ราคาเสนอ ~5,000.00฿', 1, '2025-11-21 01:35:12'),
(257, 4, 'schedule_proposed', 12, 'มีข้อเสนอเวลานัดใหม่', 'แอดมินเสนอเวลา: 2025-11-21 22:40:00 - 2025-11-21 23:40:00', 1, '2025-11-21 01:36:24'),
(258, 3, 'schedule_declined', 12, 'ลูกค้าปฏิเสธเวลานัด', 'ลูกค้าปฏิเสธข้อเสนอเวลานัดของใบงาน ST-12', 1, '2025-11-21 01:36:34'),
(259, 4, 'schedule_proposed', 12, 'มีข้อเสนอเวลานัดใหม่', 'แอดมินเสนอเวลา: 2025-11-21 08:38:00 - 2025-11-21 09:38:00', 1, '2025-11-21 01:38:12'),
(260, 3, 'schedule_confirmed', 12, 'ลูกค้ายืนยันเวลานัด', 'ลูกค้ายืนยันเวลานัดของใบงาน ST-12', 1, '2025-11-21 01:38:21'),
(261, 4, 'schedule_proposed', 12, 'มีข้อเสนอเวลานัดใหม่', 'แอดมินเสนอเวลา: 2025-11-21 08:41:00 - 2025-11-21 09:41:00', 1, '2025-11-21 01:41:53'),
(262, 3, 'schedule_confirmed', 12, 'ลูกค้ายืนยันเวลานัด', 'ลูกค้ายืนยันเวลานัดของใบงาน ST-12', 1, '2025-11-21 01:41:59'),
(263, 4, 'schedule_proposed', 12, 'มีข้อเสนอเวลานัดใหม่', 'แอดมินเสนอเวลา: 2025-11-21 08:43:00 - 2025-11-21 09:43:00', 1, '2025-11-21 01:43:19'),
(264, 3, 'schedule_confirmed', 12, 'ลูกค้ายืนยันเวลานัด', 'ลูกค้ายืนยันเวลานัดของใบงาน ST-12', 1, '2025-11-21 01:43:32'),
(265, 4, 'schedule_proposed', 12, 'มีข้อเสนอเวลานัดใหม่', 'แอดมินเสนอเวลา: 2025-11-21 03:32:00 - 2025-11-21 04:32:00', 1, '2025-11-21 04:28:57'),
(266, 3, 'new_order_bank', 66, 'ออเดอร์ใหม่ (โอนธนาคาร)', 'คำสั่งซื้อ #66 จาก user • รอชำระเงิน', 1, '2025-11-21 05:45:18'),
(267, 4, 'payment_status', 66, 'สั่งซื้อสำเร็จ - กรุณาโอนเงิน', 'คำสั่งซื้อ #66 กรุณาโอนเงินและอัปโหลดสลิป', 1, '2025-11-21 05:45:18'),
(268, 3, 'slip_uploaded', 66, 'มีสลิปใหม่รอตรวจสอบ', 'คำสั่งซื้อ #66 จากผู้ใช้ UID 4', 1, '2025-11-21 05:45:32'),
(269, 4, 'payment_status', 66, 'รับสลิปแล้ว - รอตรวจสอบ', 'คำสั่งซื้อ #66 กำลังรอตรวจสอบสลิป', 1, '2025-11-21 05:45:32'),
(270, 4, 'payment_status', 66, 'อัปเดตการชำระเงิน', 'คำสั่งซื้อ #66 สถานะการชำระเงิน: ยังไม่ชำระ', 1, '2025-11-21 05:46:08'),
(271, 4, 'order_status', 66, 'คำสั่งซื้อ #66: ยกเลิก', 'คำสั่งซื้อ #66: ยกเลิก', 1, '2025-11-21 05:46:09'),
(272, 3, 'new_repair', 13, 'ใบงานซ่อมใหม่', 'ST-13 จาก วีรยุทธ ศิริวัฒนานุกูล • ประกันเพิ่ม +1,200.00฿', 1, '2025-11-21 05:47:34'),
(273, 4, 'service_status', 13, 'ส่งคำขอซ่อมแล้ว', 'ใบงาน ST-13 เข้าคิวตรวจสอบ • วันที่ที่ต้องการ: 2025-11-21', 1, '2025-11-21 05:47:34'),
(274, 4, 'schedule_proposed', 13, 'มีข้อเสนอเวลานัดใหม่', 'แอดมินเสนอเวลา: 2025-11-21 18:49:00 - 2025-11-21 20:49:00', 1, '2025-11-21 05:49:14'),
(275, 3, 'new_tradein', 7, 'คำขอเทิร์นใหม่', 'TI-7 จาก วีรยุทธ ศิริวัฒนานุกูล • เทิร์นซื้อใหม่ • สภาพ: broken_part • เสนอราคา ~2,000.00฿', 1, '2025-11-21 05:54:51'),
(276, 4, 'tradein_status', 7, 'ส่งคำขอเทิร์นแล้ว', 'คำขอ TI-7 อยู่ระหว่างการประเมิน • เทิร์นซื้อใหม่', 1, '2025-11-21 05:54:51'),
(277, 4, 'tradein_status', 7, 'กำลังประเมิน', 'เทิร์นซื้อใหม่', 1, '2025-11-21 05:55:15'),
(278, 4, 'tradein_status', 7, 'มีข้อเสนอเทิร์นใหม่', 'เทิร์นซื้อใหม่ • ราคาเสนอ ~300.00฿', 1, '2025-11-21 05:55:48'),
(279, 4, 'tradein_status', 7, 'มีราคาเสนอ', 'เทิร์นซื้อใหม่ • ราคาเสนอ ~300.00฿', 1, '2025-11-21 05:55:53'),
(280, 3, 'new_order_cod', 67, 'ออเดอร์ใหม่ (ปลายทาง)', 'คำสั่งซื้อ #67 จาก user • คูปองลด 300.00 บาท', 1, '2025-11-21 05:56:44'),
(281, 4, 'order_status', 67, 'สั่งซื้อสำเร็จ', 'คำสั่งซื้อ #67 เก็บเงินปลายทาง • ส่วนลดคูปอง 300.00 บาท', 1, '2025-11-21 05:56:44'),
(282, 3, 'support_msg', 19, 'มีข้อความใหม่จากลูกค้า', 'UID 4: สวัสดีครับ', 1, '2025-11-21 05:56:59'),
(283, 4, 'support_end', 0, 'สิ้นสุดการแชท', 'แอดมินได้สิ้นสุดการสนทนาแล้ว คุณสามารถเริ่มแชทใหม่ได้ทุกเมื่อ', 1, '2025-11-21 05:57:27'),
(284, 4, 'schedule_proposed', 12, 'มีข้อเสนอเวลานัดใหม่', 'แอดมินเสนอเวลา: 2025-11-21 13:00:00 - 2025-11-21 14:00:00', 1, '2025-11-21 06:00:11');

-- --------------------------------------------------------

--
-- Table structure for table `orders`
--

CREATE TABLE `orders` (
  `id` bigint(20) UNSIGNED NOT NULL,
  `user_id` bigint(20) UNSIGNED NOT NULL,
  `total_price` decimal(10,2) NOT NULL DEFAULT 0.00,
  `status` enum('pending','processing','shipped','delivered','completed','cancel_requested','cancelled') NOT NULL DEFAULT 'pending',
  `payment_status` enum('unpaid','pending','paid','refunded','expired') NOT NULL DEFAULT 'unpaid',
  `stock_deducted` tinyint(1) NOT NULL DEFAULT 0,
  `shipping_name` varchar(150) DEFAULT NULL,
  `shipping_phone` varchar(30) DEFAULT NULL,
  `shipping_address` text DEFAULT NULL,
  `created_at` timestamp NOT NULL DEFAULT current_timestamp(),
  `expires_at` datetime DEFAULT NULL,
  `updated_at` timestamp NULL DEFAULT NULL ON UPDATE current_timestamp(),
  `payment_method` enum('cod','bank') DEFAULT 'cod',
  `slip_image` varchar(255) DEFAULT NULL,
  `cancel_reason` text DEFAULT NULL,
  `cancel_requested_at` timestamp NULL DEFAULT NULL
) ENGINE=InnoDB DEFAULT CHARSET=utf8mb4 COLLATE=utf8mb4_unicode_ci;

--
-- Dumping data for table `orders`
--

INSERT INTO `orders` (`id`, `user_id`, `total_price`, `status`, `payment_status`, `stock_deducted`, `shipping_name`, `shipping_phone`, `shipping_address`, `created_at`, `expires_at`, `updated_at`, `payment_method`, `slip_image`, `cancel_reason`, `cancel_requested_at`) VALUES
(1, 4, 8790.00, 'cancelled', 'unpaid', 0, 'ๅ', 'ๅ', 'ๅ', '2025-08-19 21:16:21', '2025-08-20 04:31:21', '2025-08-22 08:29:07', 'cod', NULL, NULL, NULL),
(2, 4, 8790.00, 'cancelled', 'unpaid', 0, '/', '/', '/', '2025-08-19 21:17:23', '2025-08-20 04:32:23', '2025-08-22 08:29:07', 'cod', NULL, NULL, NULL),
(3, 4, 8790.00, 'cancelled', 'unpaid', 0, 'ๅ', 'ๅ', 'ๅ', '2025-08-19 21:22:21', '2025-08-20 04:37:21', '2025-08-22 08:29:07', 'bank', 'slip_3_1755638680.png', NULL, NULL),
(4, 4, 8790.00, 'cancelled', 'unpaid', 0, 'ๅ', 'ๅ', 'ๅ', '2025-08-19 21:28:34', '2025-08-20 04:43:34', '2025-08-22 08:29:07', 'bank', 'slip_4_1755638933_63dd4663.png', NULL, NULL),
(5, 4, 8790.00, 'cancelled', 'unpaid', 0, '1', '1', '1', '2025-08-20 17:07:37', '2025-08-21 00:22:37', '2025-08-22 08:29:07', 'cod', NULL, NULL, NULL),
(6, 4, 8790.00, 'cancelled', 'unpaid', 0, '1', '1', 'ๅ', '2025-08-20 17:30:36', '2025-08-21 00:45:36', '2025-08-22 08:29:07', 'cod', NULL, NULL, NULL),
(7, 4, 8790.00, 'cancelled', 'unpaid', 0, '1', '1', 'ๅ', '2025-08-20 17:31:10', '2025-08-21 00:46:10', '2025-08-22 08:29:07', 'bank', 'slip_7_1755711081_04c2b347.png', NULL, NULL),
(8, 4, 8790.00, 'cancelled', 'expired', 0, '1', '1', '1', '2025-08-22 03:00:52', '2025-08-22 10:15:52', '2025-09-02 17:04:55', 'bank', NULL, NULL, NULL),
(9, 4, 626.00, 'cancelled', 'expired', 0, '1', '1', '1', '2025-08-22 08:22:31', '2025-08-22 15:37:31', '2025-09-02 17:04:54', 'bank', NULL, NULL, NULL),
(10, 4, 626.00, 'cancelled', 'expired', 0, '1', '1', '1', '2025-08-22 08:44:42', '2025-08-22 15:59:42', '2025-09-02 17:04:52', 'bank', NULL, NULL, NULL),
(11, 4, 8790.00, 'cancelled', 'unpaid', 0, '1', '1', '1', '2025-08-22 08:45:25', '2025-08-22 16:00:25', '2025-08-22 09:33:10', 'cod', NULL, NULL, NULL),
(12, 4, 626.00, 'cancelled', 'unpaid', 0, 'ๅ', 'ๅ', 'ๅ', '2025-08-22 09:05:20', NULL, '2025-08-22 09:33:07', 'cod', NULL, NULL, NULL),
(13, 4, 8790.00, 'cancelled', 'expired', 0, '1', '1', '1', '2025-08-22 09:05:31', '2025-08-22 16:20:31', '2025-09-02 17:04:50', 'bank', NULL, NULL, NULL),
(14, 4, 626.00, 'cancelled', 'unpaid', 0, '1', '1', '1', '2025-08-22 09:20:55', '2025-08-22 16:35:55', '2025-08-22 09:48:45', 'bank', 'slip_14_1755855123_9d05f315.png', NULL, NULL),
(15, 4, 8790.00, 'cancelled', 'unpaid', 0, '1', 'ๅ', 'ๅ', '2025-08-22 09:34:26', NULL, '2025-08-22 09:41:18', 'cod', NULL, NULL, NULL),
(16, 4, 8790.00, 'cancelled', 'unpaid', 0, 'ๅ', 'ๅ', 'ๅ', '2025-08-22 09:40:54', NULL, '2025-08-22 09:41:20', 'cod', NULL, NULL, NULL),
(17, 4, 8790.00, 'cancelled', 'unpaid', 0, '1', '1', '1', '2025-08-22 09:42:29', '2025-08-22 16:57:29', '2025-08-22 09:48:43', 'bank', 'slip_17_1755855755_114e12f4.png', NULL, NULL),
(18, 4, 8790.00, 'cancelled', 'unpaid', 0, 'ๅ', 'ๅ', 'ๅ', '2025-08-22 09:48:07', '2025-08-22 17:03:07', '2025-08-22 09:48:43', 'bank', 'slip_18_1755856092_29641cdc.png', NULL, NULL),
(19, 4, 1860.00, 'cancelled', 'unpaid', 0, '1', '1', '1', '2025-08-22 12:45:38', '2025-08-22 20:00:38', '2025-08-22 12:46:27', 'bank', 'slip_19_1755866758_954fed5a.png', NULL, NULL),
(20, 4, 1860.00, 'cancelled', 'unpaid', 0, 'วีรยุทธ ศิริวัฒนานุกูล', '0934944932', '', '2025-08-22 13:05:27', NULL, '2025-08-22 13:05:41', 'cod', NULL, NULL, NULL),
(21, 4, 1860.00, 'cancelled', 'unpaid', 0, 'วีรยุทธ ศิริวัฒนานุกูล', '0934944932', 'บ้าน, บางแค, กรุงเทพมหานคร, 10160', '2025-08-22 13:07:48', NULL, '2025-08-22 13:08:06', 'cod', NULL, NULL, NULL),
(22, 4, 1860.00, 'completed', 'paid', 1, 'วีรยุทธ ศิริวัฒนานุกูล', '0934944932', 'บ้าน, บางแค, กรุงเทพมหานคร, 10160', '2025-08-22 17:14:06', NULL, '2025-08-22 19:31:00', 'cod', NULL, NULL, NULL),
(23, 4, 8495.00, 'cancelled', 'unpaid', 0, 'วีรยุทธ ศิริวัฒนานุกูล', '0934944932', 'บ้าน, บางแค, กรุงเทพมหานคร, 10160', '2025-08-22 20:07:35', NULL, '2025-08-22 21:26:09', 'cod', NULL, '11', '2025-08-22 20:44:34'),
(24, 4, 8495.00, 'cancelled', 'unpaid', 0, 'วีรยุทธ ศิริวัฒนานุกูล', '0934944932', 'บ้าน, บางแค, กรุงเทพมหานคร, 10160', '2025-08-22 21:27:15', NULL, '2025-08-22 21:46:45', 'cod', NULL, 'กดผิด', '2025-08-22 21:44:17'),
(25, 4, 1860.00, 'cancelled', 'unpaid', 0, 'วีรยุทธ ศิริวัฒนานุกูล', '0934944932', 'บ้าน, บางแค, กรุงเทพมหานคร, 10160', '2025-08-22 21:47:02', NULL, '2025-08-22 21:47:41', 'cod', NULL, 'กดผิด', '2025-08-22 21:47:25'),
(26, 4, 3900.00, 'cancelled', 'unpaid', 0, 'วีรยุทธ ศิริวัฒนานุกูล', '0934944932', 'บ้าน, บางแค, กรุงเทพมหานคร, 10160', '2025-08-22 21:56:55', NULL, '2025-08-22 21:58:22', 'cod', NULL, NULL, NULL),
(28, 4, 1860.00, 'cancelled', 'unpaid', 0, 'วีรยุทธ ศิริวัฒนานุกูล', '0934944932', 'บ้าน, บางแค, กรุงเทพมหานคร, 10160', '2025-08-23 08:03:15', NULL, '2025-08-23 08:04:18', 'cod', NULL, NULL, NULL),
(30, 4, 1860.00, 'cancelled', 'unpaid', 0, 'วีรยุทธ ศิริวัฒนานุกูล', '0934944932', 'บ้าน, บางแค, กรุงเทพมหานคร, 10160', '2025-08-23 08:09:33', '2025-08-23 15:24:33', '2025-08-23 08:10:32', 'bank', 'slip_30_1755936601_62fbac9d.png', NULL, NULL),
(31, 4, 1860.00, 'cancelled', 'unpaid', 0, 'วีรยุทธ ศิริวัฒนานุกูล', '0934944932', 'บ้าน, บางแค, กรุงเทพมหานคร, 10160', '2025-08-23 08:10:43', '2025-08-23 15:25:43', '2025-08-23 08:18:47', 'bank', 'slip_31_1755936658_bd3e4d82.png', NULL, NULL),
(33, 4, 6995.00, 'cancelled', 'unpaid', 0, 'วีรยุทธ ศิริวัฒนานุกูล', '0934944932', 'บ้าน, บางแค, กรุงเทพมหานคร, 10160', '2025-08-23 08:24:29', '2025-08-23 15:39:29', '2025-08-23 08:57:05', 'bank', NULL, NULL, NULL),
(34, 4, 1860.00, 'cancelled', 'unpaid', 0, 'วีรยุทธ ศิริวัฒนานุกูล', '0934944932', 'บ้าน, บางแค, กรุงเทพมหานคร, 10160', '2025-08-23 08:51:19', NULL, '2025-08-23 09:45:48', 'cod', NULL, NULL, NULL),
(35, 4, 1860.00, 'cancelled', 'expired', 0, 'วีรยุทธ ศิริวัฒนานุกูล', '0934944932', 'บ้าน, บางแค, กรุงเทพมหานคร, 10160', '2025-08-23 08:51:29', '2025-08-23 16:06:29', '2025-09-02 17:04:45', 'bank', NULL, NULL, NULL),
(36, 4, 1860.00, 'cancelled', 'expired', 0, 'วีรยุทธ ศิริวัฒนานุกูล', '0934944932', 'บ้าน, บางแค, กรุงเทพมหานคร, 10160', '2025-08-23 09:20:23', '2025-08-23 16:35:23', '2025-09-02 17:04:44', 'bank', NULL, NULL, NULL),
(37, 4, 1860.00, 'cancelled', 'expired', 0, 'วีรยุทธ ศิริวัฒนานุกูล', '0934944932', 'บ้าน, บางแค, กรุงเทพมหานคร, 10160', '2025-08-23 09:45:41', '2025-08-23 17:00:41', '2025-09-02 17:04:42', 'bank', NULL, NULL, NULL),
(38, 4, 1860.00, 'cancelled', 'unpaid', 0, 'วีรยุทธ ศิริวัฒนานุกูล', '0934944932', 'บ้าน, บางแค, กรุงเทพมหานคร, 10160', '2025-08-24 19:24:11', NULL, '2025-08-24 19:24:22', 'cod', NULL, NULL, NULL),
(39, 4, 1860.00, 'cancelled', 'unpaid', 1, 'วีรยุทธ ศิริวัฒนานุกูล', '0934944932', 'บ้าน, บางแค, กรุงเทพมหานคร, 10160', '2025-08-24 19:24:43', '2025-08-25 02:39:43', '2025-09-02 15:18:17', 'bank', NULL, NULL, NULL),
(40, 4, 1860.00, 'cancelled', 'expired', 0, 'วีรยุทธ ศิริวัฒนานุกูล', '0934944932', 'บ้าน, บางแค, กรุงเทพมหานคร, 10160', '2025-09-02 16:44:01', '2025-09-02 23:59:01', '2025-09-02 17:04:39', 'bank', NULL, NULL, NULL),
(41, 4, 1860.00, 'cancelled', 'expired', 0, 'วีรยุทธ ศิริวัฒนานุกูล', '0934944932', 'บ้าน, บางแค, กรุงเทพมหานคร, 10160', '2025-09-02 17:08:59', '2025-09-03 00:23:59', '2025-09-03 09:17:57', 'bank', NULL, NULL, NULL),
(42, 4, 8495.00, 'cancelled', 'expired', 0, 'วีรยุทธ ศิริวัฒนานุกูล', '0934944932', 'บ้าน, บางแค, กรุงเทพมหานคร, 10160', '2025-09-03 09:59:13', '2025-09-03 17:14:13', '2025-09-03 10:02:00', 'bank', 'slip_42_1756893664_6305f17b.png', 'กดผิด', '2025-09-03 10:00:12'),
(43, 4, 1860.00, 'cancelled', 'expired', 0, 'วีรยุทธ ศิริวัฒนานุกูล', '0934944932', 'บ้าน, บางแค, กรุงเทพมหานคร, 10160', '2025-09-05 09:40:47', '2025-09-05 16:55:47', '2025-09-05 09:41:40', 'bank', 'slip_43_1757065264_b9604b82.png', NULL, NULL),
(44, 4, 5100.00, 'cancelled', 'unpaid', 0, 'วีรยุทธ ศิริวัฒนานุกูล', '0934944932', 'บ้าน, บางแค, กรุงเทพมหานคร, 10160', '2025-09-30 20:00:20', NULL, '2025-09-30 20:00:51', 'cod', NULL, NULL, NULL),
(45, 4, 1860.00, 'cancelled', 'unpaid', 0, 'วีรยุทธ ศิริวัฒนานุกูล', '0934944932', 'บ้าน, บางแค, กรุงเทพมหานคร, 10160', '2025-09-30 20:49:12', NULL, '2025-09-30 20:49:54', 'cod', NULL, NULL, NULL),
(46, 4, 1860.00, 'pending', 'unpaid', 0, 'วีรยุทธ ศิริวัฒนานุกูล', '0934944932', 'บ้าน, บางแค, กรุงเทพมหานคร, 10160', '2025-10-06 20:48:53', '2025-10-07 04:03:53', '2025-10-06 20:48:53', 'bank', NULL, NULL, NULL),
(48, 4, 1860.00, 'cancelled', 'unpaid', 0, 'วีรยุทธ ศิริวัฒนานุกูล', '0934944932', 'บ้าน, บางแค, กรุงเทพมหานคร, 10160', '2025-10-08 19:01:17', NULL, '2025-10-09 12:44:20', 'cod', NULL, NULL, NULL),
(57, 4, 10426.50, 'cancelled', 'unpaid', 0, 'วีรยุทธ ศิริวัฒนานุกูล', '0934944932', 'บ้าน, บางแค, กรุงเทพมหานคร, 10160', '2025-10-09 12:38:37', NULL, '2025-10-09 12:44:18', 'cod', NULL, NULL, NULL),
(58, 4, 1860.00, 'cancelled', 'unpaid', 0, 'วีรยุทธ ศิริวัฒนานุกูล', '0934944932', 'บ้าน, บางแค, กรุงเทพมหานคร, 10160', '2025-10-09 12:43:53', NULL, '2025-10-09 12:44:22', 'cod', NULL, NULL, NULL),
(59, 4, 10426.50, 'completed', 'paid', 1, 'วีรยุทธ ศิริวัฒนานุกูล', '0934944932', 'บ้าน, บางแค, กรุงเทพมหานคร, 10160', '2025-10-09 13:45:58', NULL, '2025-10-09 15:29:21', 'cod', NULL, NULL, NULL),
(60, 4, 20853.00, 'cancelled', 'unpaid', 0, 'วีรยุทธ ศิริวัฒนานุกูล', '0934944932', 'บ้าน, บางแค, กรุงเทพมหานคร, 10160', '2025-10-09 15:57:04', NULL, '2025-10-09 15:57:16', 'cod', NULL, NULL, NULL),
(61, 4, 20853.00, 'cancelled', 'unpaid', 0, 'วีรยุทธ ศิริวัฒนานุกูล', '0934944932', 'บ้าน, บางแค, กรุงเทพมหานคร, 10160', '2025-10-09 17:25:03', NULL, '2025-10-09 17:25:16', 'cod', NULL, NULL, NULL),
(62, 4, 1860.00, 'cancelled', 'unpaid', 0, 'วีรยุทธ ศิริวัฒนานุกูล', '0934944932', 'บ้าน, บางแค, กรุงเทพมหานคร, 10160', '2025-11-20 23:11:04', NULL, '2025-11-20 23:12:03', 'cod', NULL, NULL, NULL),
(63, 4, 1860.00, 'cancelled', 'unpaid', 0, 'วีรยุทธ ศิริวัฒนานุกูล', '0934944932', 'บ้าน, บางแค, กรุงเทพมหานคร, 10160', '2025-11-20 23:12:35', NULL, '2025-11-20 23:12:42', 'cod', NULL, NULL, NULL),
(64, 4, 1860.00, 'cancelled', 'unpaid', 0, 'วีรยุทธ ศิริวัฒนานุกูล', '0934944932', 'บ้าน, บางแค, กรุงเทพมหานคร, 10160', '2025-11-20 23:17:47', '2025-11-21 06:32:47', '2025-11-20 23:31:02', 'bank', NULL, NULL, NULL),
(65, 4, 1860.00, 'cancelled', 'unpaid', 0, 'วีรยุทธ ศิริวัฒนานุกูล', '0934944932', 'บ้าน, บางแค, กรุงเทพมหานคร, 10160', '2025-11-20 23:30:43', NULL, '2025-11-20 23:30:59', 'cod', NULL, NULL, NULL),
(66, 4, 1860.00, 'cancelled', 'unpaid', 0, 'วีรยุทธ ศิริวัฒนานุกูล', '0934944932', 'บ้าน, บางแค, กรุงเทพมหานคร, 10160', '2025-11-21 05:45:18', '2025-11-21 13:00:18', '2025-11-21 05:46:09', 'bank', 'slip_66_1763703932_f72e43c4.png', NULL, NULL),
(67, 4, 1560.00, 'pending', 'unpaid', 1, 'วีรยุทธ ศิริวัฒนานุกูล', '0934944932', 'บ้าน, บางแค, กรุงเทพมหานคร, 10160', '2025-11-21 05:56:44', NULL, '2025-11-21 05:56:44', 'cod', NULL, NULL, NULL);

-- --------------------------------------------------------

--
-- Table structure for table `order_items`
--

CREATE TABLE `order_items` (
  `id` bigint(20) UNSIGNED NOT NULL,
  `order_id` bigint(20) UNSIGNED NOT NULL,
  `product_id` bigint(20) UNSIGNED NOT NULL,
  `quantity` int(11) NOT NULL,
  `unit_price` decimal(10,2) NOT NULL
) ENGINE=InnoDB DEFAULT CHARSET=utf8mb4 COLLATE=utf8mb4_unicode_ci;

--
-- Dumping data for table `order_items`
--

INSERT INTO `order_items` (`id`, `order_id`, `product_id`, `quantity`, `unit_price`) VALUES
(1, 1, 1, 1, 8790.00),
(2, 2, 1, 1, 8790.00),
(3, 3, 1, 1, 8790.00),
(4, 4, 1, 1, 8790.00),
(5, 5, 1, 1, 8790.00),
(6, 6, 1, 1, 8790.00),
(7, 7, 1, 1, 8790.00),
(8, 8, 1, 1, 8790.00),
(9, 9, 5, 1, 626.00),
(10, 10, 5, 1, 626.00),
(11, 11, 1, 1, 8790.00),
(12, 12, 5, 1, 626.00),
(13, 13, 1, 1, 8790.00),
(14, 14, 5, 1, 626.00),
(15, 15, 1, 1, 8790.00),
(16, 16, 1, 1, 8790.00),
(17, 17, 1, 1, 8790.00),
(18, 18, 1, 1, 8790.00),
(19, 19, 19, 1, 1860.00),
(20, 20, 19, 1, 1860.00),
(21, 21, 19, 1, 1860.00),
(22, 22, 19, 1, 1860.00),
(23, 23, 17, 1, 8495.00),
(24, 24, 17, 1, 8495.00),
(25, 25, 19, 1, 1860.00),
(26, 26, 13, 1, 3900.00),
(28, 28, 19, 1, 1860.00),
(30, 30, 19, 1, 1860.00),
(31, 31, 19, 1, 1860.00),
(33, 33, 16, 1, 6995.00),
(34, 34, 19, 1, 1860.00),
(35, 35, 19, 1, 1860.00),
(36, 36, 19, 1, 1860.00),
(37, 37, 19, 1, 1860.00),
(38, 38, 19, 1, 1860.00),
(39, 39, 19, 1, 1860.00),
(40, 40, 19, 1, 1860.00),
(41, 41, 19, 1, 1860.00),
(42, 42, 17, 1, 8495.00),
(43, 43, 19, 1, 1860.00),
(44, 44, 10, 1, 5100.00),
(45, 45, 19, 1, 1860.00),
(46, 46, 19, 1, 1860.00),
(48, 48, 19, 1, 1860.00),
(57, 57, 8, 1, 20853.00),
(58, 58, 19, 1, 1860.00),
(59, 59, 8, 1, 20853.00),
(60, 60, 8, 1, 20853.00),
(61, 61, 8, 1, 20853.00),
(62, 62, 19, 1, 1860.00),
(63, 63, 19, 1, 1860.00),
(64, 64, 19, 1, 1860.00),
(65, 65, 19, 1, 1860.00),
(66, 66, 19, 1, 1860.00),
(67, 67, 19, 1, 1860.00);

-- --------------------------------------------------------

--
-- Table structure for table `products`
--

CREATE TABLE `products` (
  `id` bigint(20) UNSIGNED NOT NULL,
  `category_id` int(10) UNSIGNED DEFAULT NULL,
  `seller_id` bigint(20) UNSIGNED DEFAULT NULL,
  `name` varchar(255) NOT NULL,
  `description` text DEFAULT NULL,
  `price` decimal(10,2) NOT NULL,
  `discount_price` decimal(10,2) DEFAULT NULL,
  `stock` int(11) NOT NULL DEFAULT 0,
  `image` varchar(255) DEFAULT NULL,
  `status` enum('active','inactive') DEFAULT 'active',
  `created_at` timestamp NOT NULL DEFAULT current_timestamp(),
  `updated_at` timestamp NULL DEFAULT NULL ON UPDATE current_timestamp()
) ENGINE=InnoDB DEFAULT CHARSET=utf8mb4 COLLATE=utf8mb4_unicode_ci;

--
-- Dumping data for table `products`
--

INSERT INTO `products` (`id`, `category_id`, `seller_id`, `name`, `description`, `price`, `discount_price`, `stock`, `image`, `status`, `created_at`, `updated_at`) VALUES
(1, 1, NULL, 'เครื่องตัดหญ้าสะพายบ่า TAKARA TK35-4ST 3 แรงม้า', 'เครื่องตัดหญ้าสะพายบ่า TAKARA TK35-4ST 3 แรงม้า\r\nเครื่องตัดหญ้าสะพายบ่า TAKARA มาพร้อมเครื่องยนต์ 4 จังหวะ ประหยัดน้ำมันเชื้อเพลิงได้มากกว่าเครื่องยนต์ 2 จังหวะถึง 40% หัวเกียร์เฟือง 9 ซี่ มาตรฐานสามารถเปลี่ยนใบมีดตัดหญ้าได้ทุกชนิด หรือใส่หัวเอ็นในการตัด ตัวเพลาหมุนได้ 360 องศา สามารถใช้งานได้ทั้งที่ราบ และลาดชัน ใช้เชื้อเพลิงได้ทั้งเบนซิน และแก๊สโซฮอล ที่ค่าออกเทน 91 และ 95 มั่นใจในการใช้งานด้วยการรับประกัน 1 ปี ตามเงื่อนไขกำหนด\r\n\r\nคุณสมบัติ\r\nเครื่องตัดหญ้าแบบสะพายบ่า ลดอาการเมื่อยจากการใช้งานต่อเนื่อง\r\nหัวเกียร์เฟือง 9 ซี่มาตรฐาน สามารถเปลี่ยนใบมีดตัดหญ้าได้ทุกชนิด หรือใส่หัวเอ็นในการตัด\r\nเครื่องยนต์ 4 จังหวะ ประหยัดน้ำมันเชื้อเพลิงได้มากกว่าเครื่องยนต์ 2 จังหวะถึง 40%\r\nกำลังเครื่อง 3 แรงม้า เร่งรอบได้มากถึง 3,800 รอบ ต่อนาที\r\nสำหรับใช้ได้กับน้ำมันเบนซิน หรือแก๊สโซฮอล 91 และ 95\r\nมั่นใจในการใช้งานด้วยการรับประกันสินค้า 1 ปี ตามเงื่อนไขที่กำหนด\r\nวิธีใช้งาน\r\nสำหรับใช้ตัดหญ้าในสนาม เช่น หญ้าญี่ปุ่น, หญ้ามาเลเซีย และหญ้านวลน้อย\r\nควรเคลียร์เศษหิน กิ่งไม้ สายไฟ ออกจากพื้นที่ ก่อนการใช้งาน\r\nคำแนะนำ\r\n- ศึกษาข้อมูลการใช้งานอย่างละเอียด\r\n- เมื่อใช้งานเสร็จควรล้างทำความสะอาด และเช็ดด้วยน้ำมันเพื่อป้องกันสนิม\r\nข้อควรระวัง\r\n- ห้ามดัดแปลง แก้ไขสินค้า หรือนำไปใช้งานผิดประเภท\r\n- ห้ามใช้สารเคมีที่มีฤทธิ์เป็นกรด และด่างทำความสะอาด\r\n- ห้ามใช้งานในพื้นที่ที่มีน้ำท่วมขัง หรือแช่น้ำตลอดเวลา\r\n- ห้ามจัดเก็บใกล้ความร้อน และเปลวไฟ\r\n- ควรจัดเก็บในที่แห้ง และพ้นมือเด็ก', 8790.00, 7290.00, 12, 'pd_20250822_172456_c00a26ef.jpg', 'active', '2025-08-19 17:10:52', '2025-08-26 17:59:56'),
(5, 2, NULL, 'ใบมีดตัดหญ้า 9 นิ้ว 10000 RPM ใบมีดดิสก์ 14/20 ฟัน สำหรับหัวตัดหญ้า', 'ใบมีดตัดหญ้าขนาด 9 นิ้ว 10000 RPM ใบมีดเลื่อยโซ่เหล็กสำหรับตัดหญ้าหัวตัดหญ้าสำหรับเครื่องตัดหญ้าและกำจัดวัชพืชคุณสมบัติ:\r\n1. ใช้งานง่าย: ตัดแต่งสนามหญ้าและพุ่มไม้ของคุณได้อย่างรวดเร็วและง่ายดายด้วยใบมีดตัดหญ้าของเรา เครื่องมือชิ้นนี้จัดการกับวัสดุใด ๆ ได้อย่างไม่มีปัญหา ทำให้คุณไม่ต้องยุ่งยาก\r\n2. รวดเร็วและมีประสิทธิภาพ: เวลาของคุณมีค่า ใบมีดเลื่อยโซ่ของเราจะทำให้คุณไม่เสียเวลา! มันไม่ทิ้งซากเศษวัสดุไว้และต้องการการทำความสะอาดเพียงเล็กน้อย\r\n3. ฟังก์ชันหลากหลาย: สามารถจัดการกับต้นไม้ขนาดเล็ก พุ่มไม้ พุ่มหญ้า และวัชพืชได้อย่างง่ายดายด้วยเครื่องมือนี้ ฟันเลื่อยโซ่อยู่ระหว่างแผ่นเหล็กอย่างปลอดภัย\r\n4. การใช้งานที่หลากหลาย: หัวตัดหญ้าเหล็กของเราเหมาะสำหรับการตัด การแกะสลัก และการขัดรูปทรง มันทนทาน ใช้งานง่ายและมีการใช้งานที่หลากหลาย!5. ประสิทธิภาพความเร็วสูง: ออกแบบมาพร้อมฟันเลื่อยโซ่ที่สามารถทำความเร็วได้สูงถึง 10,000 RPM ใบมีด 14/20 ฟันนี้มอบพลังการตัดที่ไม่มีใครเทียบได้ ความสามารถในการทำงานที่ความเร็วสูง\r\n5. ประสิทธิภาพความเร็วสูง: ออกแบบด้วยฟันเลื่อยโซ่ที่สามารถทำความเร็วได้ถึง 10,000 RPM ใบมีดแบบ 14/20 ฟันนี้มอบพลังการตัดที่ไม่มีใครเทียบได้ ความสามารถในการทำงานที่ความเร็วสูงช่วยให้การตัดแต่งมีประสิทธิภาพและแม่นยำ ทำให้มันเป็นเครื่องมือที่จำเป็นสำหรับผู้ที่ต้องการรักษาสวนให้สวยงามอย่างง่ายดาย.\r\n\r\nข้อมูลจำเพาะ:วัสดุ: เหล็กกล้าอัลลอยแหล่งที่มา: แผ่นดินใหญ่ของจีนจำนวนฟัน: 20 ฟันขนาดรู: 25.4 มม. (มีวงแหวนลดขนาด, ขนาดรูได้ 20 มม.)ขนาดผลิตภัณฑ์: ประมาณ 230.00x230.00x1.67 มม./9.06x9.06x0.07 นิ้ว', 890.00, NULL, 3, 'pd_1755776535_a261f43e.png', 'active', '2025-08-21 10:13:48', '2025-08-26 17:54:11'),
(8, 1, NULL, 'เครื่องตัดหญ้าไร้สาย 80 โวลต์ MAKITA รุ่น UR012GZ02', 'รายละเอียดสินค้า\r\n• ใช้ได้กับงานหนักเนื่องจากมีกำลังขับสูง ใกล้เคียงกับเครื่องตัดหญ้ารุ่น 40 มล.\r\n• ที่จับถอดประกอบได้โดยไม่ต้องใช้เครื่องมือช่วยเพื่อการใช้งานที่สะดวกสบายและการจัดเก็บที่กะทัดรัด\r\n• เทคโนโลยีขับเคลื่อนแรงบิดอัตโนมัติ (ADT) ปรับความเร็วและแรงบิดระหว่างการทำงานเพื่อประสิทธิภาพสูงสุด\r\n• เทคโนโลยีการตรวจจับการตอบสนองแบบแอคทีฟ (AFT) จะปิดมอเตอร์หากการหมุนของใบมีดถูกบังคับให้หยุดกะทันหัน\r\n• มอเตอร์ติดท้ายรถทำให้เครื่องมือมีความสมดุลคล้ายกับเครื่องตัดหญ้าเครื่องยนต์\r\n• ตัวเลือกความเร็ว 3 ระดับ (ต่ำ / กลาง / สูง) ช่วยให้ผู้ปฏิบัติงานสามารถจับคู่ความเร็วกับอุปกรณ์เสริมได้อย่างเหมาะสม\r\n• ขนาดแกนหมุน : M10 x 1.25 LH\r\n• ความกว้างในการตัด : ใบตัดโลหะ : 305 มม. (12 นิ้ว)\r\n• ความกว้างในการตัด : ใบเลื่อย TCT : 255 มม. (10 นิ้ว)\r\n• ความกว้างในการตัด : หัวตัดไนลอน : 480 มม. (18-7/8 นิ้ว)\r\n• ความกว้างในการตัด : ใบตัดพลาสติก : 305 มม. (12 นิ้ว)\r\n• ความเร็วรอบตัวเปล่า : ใบตัดโลหะ (3 / 2 / 1) : 0 – 6,800 / 0 – 5,000 / 0 – 3,500 รอบ/นาที\r\n• ความเร็วรอบตัวเปล่า : หัวตัดไนลอน (3 / 2 / 1) : 0 – 5,000 / 0 – 4,200 / 0 – 3,500 รอบ/นาที\r\n• ความเร็วรอบตัวเปล่า : ใบตัดพลาสติก (305 มม.) (3 / 2 / 1) : 0 – 6,800 / 0 – 5,000 / 0 – 3,500 รอบ/นาทีใช้กับแบตเตอรี่ : BL4020 / BL4025 / BL4040 / BL4050F\r\nใช้กับแท่นชาร์จ : DC40RA / DC40RB', 20853.00, NULL, 9, 'pd_20250822_173021_4ceaa634.png', 'active', '2025-08-22 10:30:21', '2025-10-09 17:25:16'),
(9, 1, NULL, 'เครื่องตัดหญ้า 2 จังหวะ MXR-411RB 2HP MAXMA', 'รายละเอียดสินค้า\r\n• เครื่องยนต์ : เบนซิน 2 จังหวะ 1 สูบ\r\n• แรงม้า : 2HP 7,000RPM\r\n• ระบายความร้อนด้วยอากาศ\r\n• ปริมาตรกระบอกสูบ : 41 cc\r\n• ความจุถังน้ำมันเชื้อเพลิง : 1 ลิตร\r\n• น้ำหนัก : 8.5 Kg.\r\n• ระบบคันเร่ง: แบบเหนี่ยวไก มีสวิตซ์ดับเครื่องในตัว\r\n• ใช้น้ำมัน : 0.1 ลิตร/นาที\r\n• ลานสตาร์ท : แบบลานเบาพิเศษ', 4150.00, NULL, 20, 'pd_20250822_173307_a2c75374.png', 'active', '2025-08-22 10:33:07', '2025-08-22 10:33:07'),
(10, 1, NULL, 'เครื่องตัดหญ้า 2 จังหวะ MX-411RB 2HP MAXMA', 'รายละเอียดสินค้า\r\n• แกนตรง : 28 mm.\r\n• เครื่องยนต์เบนซิน : 2 จังหวะ 1 สูบ\r\n• แรงม้า/รอบ : 2HP 7,000RPM\r\n• ระบายความร้อนด้วยอากาศ\r\n• ปริมาตรกระบอกสูบ : 40.2 cc 41 cc\r\n• ความเร็วใบมีด : 5,000-7,000 รอบต่อนาที\r\n• ความจุถังน้ำมัน : 1 ลิตร\r\n• น้ำมันเชื้อเพลิง : (เบนซิน : น้ำมัน 2T) 25:1\r\n• แบบหัว : กันเศษหญ้า\r\n• ระบบคันเร่ง : แบบไกปืน\r\n• การติดเครื่อง : เชือกดึงหมุนกลับ\r\n• แบบด้ามจับ : โค้งรูปตัวY\r\n• เพลา : 9 ฟันมาตรฐาน\r\n• ลานสตาร์ท : ลานเบาแบบพิเศษ', 5100.00, NULL, 9, 'pd_20250822_173412_99fa2ae5.png', 'active', '2025-08-22 10:34:12', '2025-09-30 20:00:51'),
(11, 1, NULL, 'เครื่องตัดหญ้า 4 จังหวะ MX-4UT31 1.2HP MAXMA', 'รายละเอียดสินค้า\r\nกำลังเครื่องยนต์ : 1.5kw 1.2HP\r\nปริมาตรกระบอกสูบ : 31 cc\r\nรอบ/นาที : 7,000 RPM\r\nระบบคาร์บูเรเตอร์ : แบบผ้าปั๊ม\r\nระบบจุดระเบิด : หัวอิเล็กโทรด\r\nความจุถังน้ำมันเชื้อเพลิง : 1.4 ลิตร\r\nระบบสตาร์ทเครื่องยนต์ : เชือกดึงสตาร์ทม้วนกลับอัตโนมัติ\r\nคันเร่งเครื่อง : แบบเหนี่ยวไก สวิทช์ดับเครื่องในตัว\r\nน้ำหนักสินค้า : 11kg\r\nแป๊ปก้าน : 28 mm\r\nเพลา : 9 ฟันมาตรฐาน', 6000.00, NULL, 16, 'pd_20250822_173600_ea3dd6b6.jpg', 'active', '2025-08-22 10:35:17', '2025-08-22 10:36:00'),
(12, 1, NULL, 'เครื่องตัดหญ้า 2 จังหวะ MXR-411RBC 2HP MAXMA', 'รายละเอียดสินค้า\r\n• เครื่องยนต์เบนซิน : 2 จังหวะ 1 สูบ\r\n•แรงม้า : 2HP 7000RPM\r\n• ระบายความร้อนด้วยอากาศ\r\n• ปริมาตรกระบอกสูบ : 41 cc\r\n• ความจุถังน้ำมันเชื้อเพลิง : 1 ลิตร\r\n• น้ำหนัก : 8.5 กก.\r\n• ระบบคันเร่ง : แบบเหนี่ยวไก มีสวิตซ์ดับเครื่องในตัว\r\n• ใช้น้ำมัน : 0.1 ลิตร/นาที\r\n• ลานสตาร์ท แบบลานเบาพิเศษ', 4255.00, NULL, 10, 'pd_20250822_173706_2d54ff47.png', 'active', '2025-08-22 10:37:06', '2025-08-22 10:37:06'),
(13, 1, NULL, 'เครื่องตัดหญ้า 2 จังหวะ MXR-CG260 1HP MAXMA', 'รายละเอียดสินค้า\r\n• เครื่องยนต์เบนซิน : เบนซิน 2 จังหวะ 1 สูบ\r\n• กำลังเครื่องยนต์ : 0.75 kw\r\n• ปริมาตรกระบอกสูบ : 25.4 cc\r\n• ความเร็วใบมีด : 7,500 รอบต่อนาที\r\n• ระบบจุดระเบิด : หัวเทียน\r\n• ความจุถังน้ำมันเชื้อเพลิง : 0.96 ลิตร\r\n• ระบบสตาร์ทเครื่อยนต์ : เชือกดึงสตาร์ทม้วนกลับอัตโนมัติ\r\n• น้ำหนักสินค้า : 7 kg\r\n• แป๊ปก้าน : 26 mm.\r\n• แทนเพลา : 9 ฟันมาตรฐาน', 3900.00, 3750.00, 18, 'pd_20250822_173817_e298060d.png', 'active', '2025-08-22 10:38:17', '2025-08-26 18:00:40'),
(14, 1, NULL, 'เครื่องตัดหญ้า 4 จังหวะ MXR-4UT31 1.2HP MAXMA', 'รายละเอียดสินค้า\r\nเครื่องยนต์ : เบนซิน 4 จังหวะ 1 สูบ\r\nกำลังเครื่องยนต์ : 1.5kW 1.2HP\r\nปริมาตรกระบอกสูบ : 31 cc\r\nรอบ/นาที : 7,000 RPM\r\nระบบคาร์บูเรเตอร์ : แบบผ้าปั๊ม\r\nระบบจุดระเบิด : หัวเทียนอิเล็กโทรด\r\nความจุถังน้ำมันเชื้อเพลิง : 1.4 ลิตร\r\nระบบสตาร์ทเครื่องยนต์ : เชือกดึงสตาร์ทม้วนกลับอัตโนมัติ\r\nคันเร่งเครื่อง : แบบเหนี่ยวไกมีสวิตซ์ดับเครื่องในตัว\r\nน้ำหนักสินค้า : 11kg', 4995.00, NULL, 7, 'pd_20250822_173935_ebad3d6f.png', 'active', '2025-08-22 10:39:35', '2025-08-22 10:39:35'),
(15, 1, NULL, 'เครื่องเล็มหญ้า แบตเตอรี่ MX-STLI12 MAXMA', 'รายละเอียดสินค้า\r\nกำลังไฟ 450 วัตต์\r\n• 18000 รอบต่อนาที\r\n• ความยาวรวม 95-125 ซม.\r\nแบตเตอรี่ -7000 mAh\r\n• เวลาทำงาน 100 นาที\r\n• เวลาในการชาร์จ 2-3 ชั่วโมง\r\n• ขนาด89x14.7x14.9\r\nอุปกรณ์เสริมฟรี', 2990.00, NULL, 0, 'pd_20250822_174025_d991f065.png', 'active', '2025-08-22 10:40:25', '2025-08-22 10:40:25'),
(16, 1, NULL, 'เครื่องตัดหญ้ารถเข็น 2 จังหวะ MXR-LMG450 MAXMA', 'รายละเอียดสินค้า\r\n• เครื่องยนต์เบนซิน 2 จังหวะ 1 ลูกสูบ\r\n• ปริมาตรกระบอกสูบ 52cc\r\n• เส้นผ่านศูนย์กลางท่อ 26 มิล\r\n• ความเร็วรอบเดินเบา 2,800 RPM\r\n• ความเร็วรอบสูงสุดของใบมีด 9,000 - 10,000 รอบ/นาที(RPM)\r\n• ความจุถังน้ำมันเชื้อเพลิง 1.2 ลิตร \r\n• น้ำมันเชื่อเพลิง (เบนซิน : น้ำมัน 2T) 25:1\r\n• น้ำหนัก 16 kg \r\n• ขนาดบรรจุภัณฑ์ 66x51x35cm', 6995.00, NULL, 6, 'pd_20250822_174109_47c410ea.png', 'active', '2025-08-22 10:41:09', '2025-08-22 10:41:09'),
(17, 1, NULL, 'รถเข็นตัดหญ้า 2 จังหวะ ปุ่มสตาร์ท MXR-BCW ES430 MAXMA', 'รายละเอียดสินค้า\r\n• เครื่องยนต์เบนซิน : 2 จังหวะ 1 ลูกสูบ\r\n• มีระบบ สตาร์ทอัตโนมัติโดยปุ่มกด\r\n• ปริมาตรกระบอกสูบ : 42.7cc\r\n• เส้นผ่านศูนย์กลางท่อ : 26 มิล\r\n• ความเร็วรอบเดินเบา : 2,800 RPM\r\n• ความเร็วรอบสูงสุดของใบมีด : 9,000 - 10,000 รอบ/นาที(RPM)\r\n• ความจุถังน้ำมันเชื้อเพลิง : 1.2 ลิตร\r\n• น้ำมันเชื่อเพลิง (เบนซิน : น้ำมัน 2T) 25:1\r\n• น้ำหนัก : 15 kg\r\n• ขนาดบรรจุภัณฑ์ : 58x47x32cm', 8495.00, NULL, 5, 'pd_20250822_174209_566161dd.png', 'active', '2025-08-22 10:42:09', '2025-08-22 21:27:42'),
(18, 1, NULL, 'NM-411 ตัดหญ้าสะพายข้าง 2 จังหวะ', 'NEW WEST ตัดหญ้าสะพายข้าง 2 จังหวะ NM-411 สีเขียว\r\n\r\nประเทศผู้ผลิต:   China\r\n\r\nการรับประกัน:   -', 4995.00, NULL, 0, 'pd_20250822_174402_c2764063.jpg', 'active', '2025-08-22 10:44:02', '2025-08-22 10:44:02'),
(19, 1, NULL, 'EUROX เครื่องตัดหญ้าไร้สาย 21 โวลต์ รุ่นพับได้ R', 'รายละเอียดสินค้า\r\n- ใบตัดหญ้าผลิตจากพลาสติก PA66 แข็งแรงและคมกริบ\r\n- บังใบขนาดใหญ่เพิ่มความปลอดภัยและสามารถใส่ล้อได้\r\n- ก้านตัดหญ้าสามารถพับได้ พกพาสะดวก และใช้งานง่าย\r\n- มือจับสามารถเลื่อนปรับระดับได้ตามต้องการ มีน้ำหนักเบา\r\n- เหมาะสำหรับใช้งานในครัวเรือนที่สนามหญ้าต้นไม่ใหญ่มาก\r\n- ความเร็วรอบ 8500 รอบ/นาทีและใช้กำลังไฟฟ้า 450 วัตต์\r\n- แบตเตอรี่ 2000 แอมป์และสามารถใช้งานได้ต่อเนื่อง 2 ชม.', 1860.00, NULL, 19, 'pd_20250902_195029_860e2d58.png', 'active', '2025-08-22 10:48:55', '2025-11-21 05:56:44');

-- --------------------------------------------------------

--
-- Table structure for table `product_images`
--

CREATE TABLE `product_images` (
  `id` bigint(20) UNSIGNED NOT NULL,
  `product_id` bigint(20) UNSIGNED NOT NULL,
  `filename` varchar(255) NOT NULL,
  `sort_order` int(10) UNSIGNED NOT NULL DEFAULT 0,
  `is_cover` tinyint(1) NOT NULL DEFAULT 0,
  `created_at` timestamp NOT NULL DEFAULT current_timestamp()
) ENGINE=InnoDB DEFAULT CHARSET=utf8mb4 COLLATE=utf8mb4_general_ci;

--
-- Dumping data for table `product_images`
--

INSERT INTO `product_images` (`id`, `product_id`, `filename`, `sort_order`, `is_cover`, `created_at`) VALUES
(4, 1, 'pd_20250822_042226_a4e2d975.png', 0, 0, '2025-08-22 02:22:26'),
(7, 1, 'pd_20250822_172456_c00a26ef.jpg', 0, 1, '2025-08-22 10:24:56'),
(9, 8, 'pd_20250822_173021_1f715c44.png', 0, 0, '2025-08-22 10:30:21'),
(10, 8, 'pd_20250822_173021_d97d08bb.png', 0, 0, '2025-08-22 10:30:21'),
(11, 8, 'pd_20250822_173021_0833e436.png', 0, 0, '2025-08-22 10:30:21'),
(12, 8, 'pd_20250822_173021_4ceaa634.png', 0, 1, '2025-08-22 10:30:21'),
(13, 8, 'pd_20250822_173058_a91b7ce5.png', 0, 0, '2025-08-22 10:30:58'),
(14, 9, 'pd_20250822_173307_a2c75374.png', 0, 1, '2025-08-22 10:33:07'),
(15, 10, 'pd_20250822_173412_99fa2ae5.png', 0, 1, '2025-08-22 10:34:12'),
(16, 11, 'pd_20250822_173600_ea3dd6b6.jpg', 0, 1, '2025-08-22 10:36:00'),
(17, 12, 'pd_20250822_173706_2d54ff47.png', 0, 1, '2025-08-22 10:37:06'),
(18, 13, 'pd_20250822_173817_e298060d.png', 0, 1, '2025-08-22 10:38:17'),
(19, 13, 'pd_20250822_173817_8a3951cb.jpg', 0, 0, '2025-08-22 10:38:17'),
(20, 14, 'pd_20250822_173935_ebad3d6f.png', 0, 1, '2025-08-22 10:39:35'),
(21, 15, 'pd_20250822_174025_d991f065.png', 0, 1, '2025-08-22 10:40:25'),
(22, 16, 'pd_20250822_174109_47c410ea.png', 0, 1, '2025-08-22 10:41:09'),
(23, 17, 'pd_20250822_174209_566161dd.png', 0, 1, '2025-08-22 10:42:09'),
(24, 18, 'pd_20250822_174402_c2764063.jpg', 0, 1, '2025-08-22 10:44:02'),
(32, 19, 'pd_20250902_195029_469af458.png', 0, 0, '2025-09-02 12:50:29'),
(33, 19, 'pd_20250902_195029_8eebbb2a.png', 0, 0, '2025-09-02 12:50:29'),
(34, 19, 'pd_20250902_195029_091e24f4.png', 0, 0, '2025-09-02 12:50:29'),
(35, 19, 'pd_20250902_195029_d6408ea9.png', 0, 0, '2025-09-02 12:50:29'),
(36, 19, 'pd_20250902_195029_e10dd09e.png', 0, 0, '2025-09-02 12:50:29'),
(37, 19, 'pd_20250902_195029_860e2d58.png', 0, 1, '2025-09-02 12:50:29');

-- --------------------------------------------------------

--
-- Table structure for table `product_reviews`
--

CREATE TABLE `product_reviews` (
  `id` bigint(20) UNSIGNED NOT NULL,
  `product_id` bigint(20) UNSIGNED NOT NULL,
  `user_id` bigint(20) UNSIGNED NOT NULL,
  `rating` tinyint(3) UNSIGNED NOT NULL,
  `content` text NOT NULL,
  `parent_id` bigint(20) UNSIGNED DEFAULT NULL,
  `is_admin` tinyint(1) NOT NULL DEFAULT 0,
  `created_at` timestamp NOT NULL DEFAULT current_timestamp(),
  `updated_at` timestamp NULL DEFAULT NULL ON UPDATE current_timestamp()
) ENGINE=InnoDB DEFAULT CHARSET=utf8mb4 COLLATE=utf8mb4_unicode_ci;

--
-- Dumping data for table `product_reviews`
--

INSERT INTO `product_reviews` (`id`, `product_id`, `user_id`, `rating`, `content`, `parent_id`, `is_admin`, `created_at`, `updated_at`) VALUES
(4, 19, 4, 5, 'สินค้ามีคุณภาพมาก ส่งไว', NULL, 0, '2025-08-22 19:31:09', '2025-11-21 04:47:35'),
(5, 19, 3, 0, 'ขอบคุณครับ', 4, 1, '2025-08-22 19:31:33', NULL);

-- --------------------------------------------------------

--
-- Table structure for table `schedule_proposals`
--

CREATE TABLE `schedule_proposals` (
  `id` int(11) NOT NULL,
  `ticket_type` enum('repair','tradein') NOT NULL,
  `ticket_id` int(11) NOT NULL,
  `slot_start` datetime NOT NULL,
  `slot_end` datetime DEFAULT NULL,
  `duration_minutes` int(11) NOT NULL DEFAULT 60,
  `status` enum('pending','accepted','declined','cancelled','expired') NOT NULL DEFAULT 'pending',
  `token` varchar(64) NOT NULL,
  `note` varchar(255) DEFAULT NULL,
  `created_by` int(11) DEFAULT NULL,
  `customer_id` int(11) DEFAULT NULL,
  `created_at` datetime NOT NULL DEFAULT current_timestamp(),
  `updated_at` datetime NOT NULL DEFAULT current_timestamp() ON UPDATE current_timestamp()
) ENGINE=InnoDB DEFAULT CHARSET=utf8mb4 COLLATE=utf8mb4_unicode_ci;

--
-- Dumping data for table `schedule_proposals`
--

INSERT INTO `schedule_proposals` (`id`, `ticket_type`, `ticket_id`, `slot_start`, `slot_end`, `duration_minutes`, `status`, `token`, `note`, `created_by`, `customer_id`, `created_at`, `updated_at`) VALUES
(3, 'repair', 9, '2025-09-07 13:50:00', '2025-09-07 15:20:00', 90, 'accepted', '', '0', 3, 4, '2025-09-06 01:01:54', '2025-09-06 01:02:59'),
(29, 'repair', 12, '2025-10-10 17:41:00', '2025-10-10 18:41:00', 60, 'cancelled', 'dfdc6820a781d0412eddb2fc1465159c', '', 3, 4, '2025-10-10 14:17:03', '2025-11-21 11:26:56'),
(30, 'repair', 12, '2025-11-21 22:40:00', '2025-11-21 23:40:00', 60, 'declined', 'e8185c7b1eab32daa84d57318d0bff6d', '', 3, 4, '2025-11-21 08:36:24', '2025-11-21 08:36:34'),
(31, 'repair', 12, '2025-11-21 08:38:00', '2025-11-21 09:38:00', 60, 'cancelled', '1a5fe518864ece41e9037434a3530d69', '', 3, 4, '2025-11-21 08:38:12', '2025-11-21 11:26:56'),
(32, 'repair', 12, '2025-11-21 08:41:00', '2025-11-21 09:41:00', 60, 'cancelled', '71a6d8bce913e3829a1b9c422fea33c5', '', 3, 4, '2025-11-21 08:41:53', '2025-11-21 11:26:56'),
(33, 'repair', 12, '2025-11-21 08:43:00', '2025-11-21 09:43:00', 60, 'cancelled', 'c50f29e3a86dc97a2008d72c52def884', '', 3, 4, '2025-11-21 08:43:19', '2025-11-21 11:26:56'),
(34, 'repair', 12, '2025-11-21 03:32:00', '2025-11-21 04:32:00', 60, 'cancelled', 'd425f4de7845450aed730a9708dd72bc', '', 3, 4, '2025-11-21 11:28:57', '2025-11-21 13:00:07'),
(35, 'repair', 13, '2025-11-21 18:49:00', '2025-11-21 20:49:00', 120, 'cancelled', '95964e271d6d955babbb514e2e776d78', '', 3, 4, '2025-11-21 12:49:14', '2025-11-21 12:50:27'),
(36, 'repair', 12, '2025-11-21 13:00:00', '2025-11-21 14:00:00', 60, 'cancelled', '0c07ce67d65bb7296c2726e8904c9cfd', '', 3, 4, '2025-11-21 13:00:11', '2025-11-21 13:01:46');

-- --------------------------------------------------------

--
-- Table structure for table `service_status_logs`
--

CREATE TABLE `service_status_logs` (
  `id` bigint(20) UNSIGNED NOT NULL,
  `ticket_id` bigint(20) UNSIGNED NOT NULL,
  `status` varchar(50) NOT NULL,
  `note` varchar(255) DEFAULT NULL,
  `created_at` timestamp NOT NULL DEFAULT current_timestamp()
) ENGINE=InnoDB DEFAULT CHARSET=utf8mb4 COLLATE=utf8mb4_unicode_ci;

--
-- Dumping data for table `service_status_logs`
--

INSERT INTO `service_status_logs` (`id`, `ticket_id`, `status`, `note`, `created_at`) VALUES
(31, 9, 'queue', 'ส่งคำขอซ่อมเข้าคิวแล้ว (ความเร่งด่วน: ปกติ)', '2025-09-05 17:49:14'),
(32, 9, 'checking', '', '2025-09-05 18:29:00'),
(33, 9, 'repairing', '', '2025-09-05 18:29:09'),
(34, 9, 'done', '', '2025-09-05 18:31:01'),
(35, 9, 'cancelled', '', '2025-09-05 18:42:22'),
(54, 9, 'queue', '', '2025-10-09 18:32:35'),
(55, 9, 'confirm', '', '2025-10-09 18:32:51'),
(56, 9, 'queue', '', '2025-10-09 18:32:53'),
(57, 9, 'confirm', '', '2025-10-09 18:33:31'),
(58, 9, 'cancelled', '', '2025-10-09 18:33:48'),
(86, 12, 'queued', 'ส่งคำขอซ่อมเข้าคิวแล้ว (ความเร่งด่วน: ปกติ)', '2025-10-09 18:48:26'),
(87, 12, 'queue', '', '2025-10-09 18:48:50'),
(88, 12, 'queue', '', '2025-10-09 18:50:22'),
(89, 12, 'queue', '', '2025-10-09 18:51:34'),
(90, 12, 'queue', '', '2025-10-09 18:52:20'),
(91, 12, 'queued', '', '2025-10-09 18:52:26'),
(92, 12, 'queued', '', '2025-10-09 18:52:51'),
(93, 12, 'queued', '', '2025-10-09 18:53:32'),
(94, 12, 'queued', '', '2025-10-10 06:36:21'),
(95, 12, 'repairing', '', '2025-10-10 09:51:16'),
(96, 12, 'repairing', '', '2025-10-10 09:51:17'),
(97, 12, 'done', '', '2025-10-10 09:51:42'),
(98, 12, 'confirm', '', '2025-10-10 10:14:42'),
(99, 12, 'repairing', '', '2025-10-10 10:20:47'),
(100, 12, 'done', '', '2025-10-10 10:21:02'),
(101, 12, 'repairing', '', '2025-10-10 10:21:13'),
(102, 12, 'confirm', '', '2025-10-10 10:38:19'),
(103, 12, 'done', '', '2025-10-10 10:38:52'),
(104, 12, 'confirm', '', '2025-10-10 11:08:48'),
(105, 12, 'repairing', '', '2025-10-10 11:08:58'),
(106, 12, 'done', '', '2025-11-20 19:02:31'),
(107, 12, 'returned', '', '2025-11-20 19:14:49'),
(108, 12, 'done', '', '2025-11-20 19:15:01'),
(109, 12, 'pricing', '', '2025-11-20 23:37:39'),
(110, 12, 'repairing', '', '2025-11-20 23:37:56'),
(111, 12, 'done', '', '2025-11-20 23:38:00'),
(112, 12, 'repairing', '', '2025-11-21 00:43:16'),
(113, 12, 'pricing', '', '2025-11-21 00:43:21'),
(114, 12, 'diagnose', '', '2025-11-21 00:43:31'),
(115, 12, 'repairing', '', '2025-11-21 00:43:45'),
(116, 12, 'pricing', '', '2025-11-21 01:05:28'),
(117, 12, 'queued', '', '2025-11-21 01:05:52'),
(118, 12, 'diagnose', '', '2025-11-21 01:05:53'),
(119, 12, 'queued', '', '2025-11-21 01:09:38'),
(120, 12, 'confirm', '', '2025-11-21 01:09:43'),
(121, 12, 'confirm', '', '2025-11-21 01:17:53'),
(122, 12, 'confirm', '', '2025-11-21 01:17:56'),
(123, 12, 'confirm', '', '2025-11-21 01:18:00'),
(124, 12, 'waiting_parts', '', '2025-11-21 01:18:20'),
(125, 12, 'repairing', '', '2025-11-21 01:18:34'),
(126, 12, 'queued', '', '2025-11-21 01:18:40'),
(127, 12, 'confirm', '', '2025-11-21 01:18:40'),
(128, 12, 'confirm', '', '2025-11-21 01:19:00'),
(129, 12, 'confirm', '', '2025-11-21 01:21:27'),
(130, 12, 'queued', '', '2025-11-21 01:21:28'),
(131, 12, 'queued', '', '2025-11-21 01:21:30'),
(132, 12, 'confirm', '', '2025-11-21 01:21:31'),
(133, 12, 'waiting_parts', '', '2025-11-21 01:21:31'),
(134, 12, 'confirm', '', '2025-11-21 01:21:32'),
(135, 12, 'confirm', '', '2025-11-21 01:21:33'),
(136, 12, 'confimed', '', '2025-11-21 01:23:42'),
(137, 12, 'queued', '', '2025-11-21 01:23:44'),
(138, 12, 'confimed', '', '2025-11-21 01:23:46'),
(139, 12, 'confimed', '', '2025-11-21 01:23:48'),
(140, 12, 'confimed', '', '2025-11-21 01:24:41'),
(141, 12, 'confirmed', '', '2025-11-21 01:24:43'),
(142, 12, 'confirmed', '', '2025-11-21 01:24:44'),
(143, 12, 'confirmed', '', '2025-11-21 01:26:04'),
(144, 12, 'queued', '', '2025-11-21 01:26:04'),
(145, 12, 'confirm', '', '2025-11-21 01:26:20'),
(146, 12, 'confirm', '', '2025-11-21 01:27:30'),
(147, 12, 'confirm', '', '2025-11-21 01:27:34'),
(148, 12, 'queued', '', '2025-11-21 01:27:34'),
(149, 12, 'queued', '', '2025-11-21 01:27:34'),
(150, 12, 'queued', '', '2025-11-21 01:27:35'),
(151, 12, 'confirm', '', '2025-11-21 01:28:09'),
(152, 12, 'confirm', '', '2025-11-21 01:28:10'),
(153, 12, 'confirm', '', '2025-11-21 01:28:11'),
(154, 12, 'confirm', '', '2025-11-21 01:30:32'),
(155, 12, 'confirm', '', '2025-11-21 01:30:36'),
(156, 12, 'confirm', '', '2025-11-21 01:32:05'),
(157, 12, 'waiting_parts', '', '2025-11-21 01:36:53'),
(158, 12, 'repairing', '', '2025-11-21 01:37:02'),
(159, 12, 'queued', '', '2025-11-21 01:38:04'),
(160, 12, 'confirm', '', '2025-11-21 01:38:05'),
(161, 12, 'queued', '', '2025-11-21 01:38:05'),
(162, 12, 'confirm', '', '2025-11-21 01:41:41'),
(163, 12, 'confirm', '', '2025-11-21 01:41:41'),
(164, 12, 'queued', '', '2025-11-21 01:41:44'),
(165, 12, 'confirm', '', '2025-11-21 01:43:04'),
(166, 12, 'queued', '', '2025-11-21 01:43:07'),
(167, 12, 'confirm', '', '2025-11-21 01:43:53'),
(168, 12, 'queued', 'แอดมินล้างนัดหมายที่ตั้งไว้', '2025-11-21 04:26:56'),
(169, 12, 'queued', '', '2025-11-21 04:28:34'),
(170, 12, 'confirm', 'ลูกค้ายืนยันเวลานัดแล้วผ่านระบบ', '2025-11-21 04:29:12'),
(171, 12, 'waiting_parts', '', '2025-11-21 04:29:32'),
(172, 12, 'repairing', '', '2025-11-21 05:26:37'),
(173, 13, 'queued', 'ส่งคำขอซ่อมเข้าคิวแล้ว (ความเร่งด่วน: ปกติ)', '2025-11-21 05:47:34'),
(174, 13, 'confirm', 'ลูกค้ายืนยันเวลานัดแล้วผ่านระบบ', '2025-11-21 05:49:43'),
(175, 13, 'queued', 'แอดมินล้างนัดหมายที่ตั้งไว้', '2025-11-21 05:50:27'),
(176, 13, 'cancelled', '', '2025-11-21 05:50:55'),
(177, 12, 'done', '', '2025-11-21 05:51:59'),
(178, 12, 'queued', '', '2025-11-21 05:59:36'),
(179, 12, 'confirm', '', '2025-11-21 05:59:46'),
(180, 12, 'queued', '', '2025-11-21 05:59:56'),
(181, 12, 'queued', '', '2025-11-21 06:00:03'),
(182, 12, 'queued', 'แอดมินล้างนัดหมายที่ตั้งไว้', '2025-11-21 06:00:07'),
(183, 12, 'confirm', 'แอดมินยืนยันเวลานัดให้ลูกค้า', '2025-11-21 06:00:15'),
(184, 12, 'waiting_parts', '', '2025-11-21 06:00:26'),
(185, 12, 'repairing', '', '2025-11-21 06:00:34'),
(186, 12, 'done', '', '2025-11-21 06:01:30'),
(187, 12, 'cancelled', '', '2025-11-21 06:01:40'),
(188, 12, 'queued', 'แอดมินล้างนัดหมายที่ตั้งไว้', '2025-11-21 06:01:46');

-- --------------------------------------------------------

--
-- Table structure for table `service_tickets`
--

CREATE TABLE `service_tickets` (
  `id` bigint(20) UNSIGNED NOT NULL,
  `user_id` bigint(20) UNSIGNED NOT NULL,
  `device_type` varchar(100) DEFAULT NULL,
  `brand` varchar(100) DEFAULT NULL,
  `model` varchar(100) DEFAULT NULL,
  `urgency` enum('normal','urgent') DEFAULT 'normal',
  `issue` text DEFAULT NULL,
  `line_id` varchar(100) DEFAULT NULL,
  `phone` varchar(30) DEFAULT NULL,
  `desired_date` date DEFAULT NULL,
  `scheduled_at` datetime DEFAULT NULL,
  `schedule_status` enum('none','proposed','confirmed') NOT NULL DEFAULT 'none',
  `image_path` varchar(255) DEFAULT NULL,
  `status` enum('queued','confirm','waiting_parts','repairing','done','returned','cancelled') DEFAULT 'queued',
  `created_at` timestamp NOT NULL DEFAULT current_timestamp(),
  `updated_at` timestamp NULL DEFAULT NULL ON UPDATE current_timestamp(),
  `parts_grade` enum('used','standard','premium') NOT NULL DEFAULT 'standard',
  `parts_grade_surcharge` decimal(10,2) NOT NULL DEFAULT 0.00,
  `ext_warranty_months` tinyint(3) UNSIGNED NOT NULL DEFAULT 0,
  `ext_warranty_price` decimal(10,2) NOT NULL DEFAULT 0.00,
  `base_warranty_months` tinyint(3) UNSIGNED NOT NULL DEFAULT 1,
  `estimate_total` decimal(10,2) DEFAULT NULL,
  `appointment_start` datetime DEFAULT NULL,
  `appointment_end` datetime DEFAULT NULL,
  `appointment_status` enum('none','pending','confirmed','declined') NOT NULL DEFAULT 'none',
  `service_price` decimal(10,2) DEFAULT NULL,
  `payment_status` enum('unpaid','pending','paid') NOT NULL DEFAULT 'unpaid',
  `payment_slip` varchar(255) DEFAULT NULL,
  `pay_method` enum('cash','bank','wallet') DEFAULT NULL,
  `paid_at` datetime DEFAULT NULL
) ENGINE=InnoDB DEFAULT CHARSET=utf8mb4 COLLATE=utf8mb4_unicode_ci;

--
-- Dumping data for table `service_tickets`
--

INSERT INTO `service_tickets` (`id`, `user_id`, `device_type`, `brand`, `model`, `urgency`, `issue`, `line_id`, `phone`, `desired_date`, `scheduled_at`, `schedule_status`, `image_path`, `status`, `created_at`, `updated_at`, `parts_grade`, `parts_grade_surcharge`, `ext_warranty_months`, `ext_warranty_price`, `base_warranty_months`, `estimate_total`, `appointment_start`, `appointment_end`, `appointment_status`, `service_price`, `payment_status`, `payment_slip`, `pay_method`, `paid_at`) VALUES
(9, 4, '1', '1', '1', 'normal', '1', '1', '1', '2025-09-06', NULL, 'confirmed', NULL, 'cancelled', '2025-09-05 17:49:14', '2025-10-09 18:33:48', 'used', 0.00, 0, 0.00, 1, 0.00, '2025-09-06 00:00:00', '2025-09-06 01:00:00', 'confirmed', NULL, 'unpaid', NULL, NULL, NULL),
(12, 4, '1', '1', '1', 'normal', '1', '1', '1', '2025-10-10', NULL, 'none', NULL, 'cancelled', '2025-10-09 18:48:26', '2025-11-21 06:01:46', 'used', 0.00, 0, 0.00, 1, 0.00, NULL, NULL, 'none', 500.00, 'paid', 'uploads/slips/slip_st12_u4_1763670762.png', 'cash', '2025-11-21 12:53:35'),
(13, 4, '2', '2', 'พพ', 'normal', 'พัง', '3', '2', '2025-11-21', NULL, 'none', 'uploads/service/202511/svc_20251121_124734_5efbf0.png', 'cancelled', '2025-11-21 05:47:34', '2025-11-21 05:50:55', 'premium', 0.00, 3, 1200.00, 1, 1200.00, NULL, NULL, 'none', 900.00, 'unpaid', NULL, NULL, NULL);

-- --------------------------------------------------------

--
-- Table structure for table `service_ticket_items`
--

CREATE TABLE `service_ticket_items` (
  `id` bigint(20) UNSIGNED NOT NULL,
  `ticket_id` bigint(20) UNSIGNED NOT NULL,
  `item_type` enum('part','labor','service','fee','other') NOT NULL DEFAULT 'part' COMMENT 'ประเภท: อะไหล่, ค่าแรง, ค่าบริการ, ค่าธรรมเนียม, อื่นๆ',
  `description` varchar(255) NOT NULL,
  `qty` decimal(10,2) NOT NULL DEFAULT 1.00,
  `unit_price` decimal(10,2) NOT NULL DEFAULT 0.00,
  `created_at` timestamp NOT NULL DEFAULT current_timestamp()
) ENGINE=InnoDB DEFAULT CHARSET=utf8mb4 COLLATE=utf8mb4_unicode_ci;

--
-- Dumping data for table `service_ticket_items`
--

INSERT INTO `service_ticket_items` (`id`, `ticket_id`, `item_type`, `description`, `qty`, `unit_price`, `created_at`) VALUES
(1, 12, 'part', '11', 1.00, 500.00, '2025-11-20 19:08:29'),
(2, 13, 'part', 'ฟหกหฟก', 1.00, 400.00, '2025-11-21 05:48:15'),
(3, 13, 'labor', 'เปลี่ยนใจ', 1.00, 500.00, '2025-11-21 05:48:37');

-- --------------------------------------------------------

--
-- Table structure for table `support_messages`
--

CREATE TABLE `support_messages` (
  `id` int(11) NOT NULL,
  `user_id` int(11) NOT NULL,
  `sender` enum('user','admin') NOT NULL,
  `admin_id` int(11) DEFAULT NULL,
  `message` text NOT NULL,
  `is_read_by_user` tinyint(1) NOT NULL DEFAULT 0,
  `is_read_by_admin` tinyint(1) NOT NULL DEFAULT 0,
  `created_at` datetime NOT NULL DEFAULT current_timestamp()
) ENGINE=InnoDB DEFAULT CHARSET=utf8mb4 COLLATE=utf8mb4_unicode_ci;

-- --------------------------------------------------------

--
-- Table structure for table `support_threads`
--

CREATE TABLE `support_threads` (
  `user_id` int(11) NOT NULL,
  `status` enum('open','closed') NOT NULL DEFAULT 'open',
  `closed_at` datetime DEFAULT NULL,
  `closed_by` enum('user','admin') DEFAULT NULL
) ENGINE=InnoDB DEFAULT CHARSET=utf8mb4 COLLATE=utf8mb4_unicode_ci;

-- --------------------------------------------------------

--
-- Table structure for table `tradein_images`
--

CREATE TABLE `tradein_images` (
  `id` bigint(20) NOT NULL,
  `request_id` bigint(20) NOT NULL,
  `filename` varchar(255) NOT NULL,
  `is_cover` tinyint(1) NOT NULL DEFAULT 0,
  `created_at` timestamp NOT NULL DEFAULT current_timestamp()
) ENGINE=InnoDB DEFAULT CHARSET=utf8mb4 COLLATE=utf8mb4_unicode_ci;

--
-- Dumping data for table `tradein_images`
--

INSERT INTO `tradein_images` (`id`, `request_id`, `filename`, `is_cover`, `created_at`) VALUES
(1, 1, 'tradein_1_1756843950_6c3259b9.png', 0, '2025-09-02 20:12:30'),
(3, 1, 'tradein_1_1756843950_8fe5609e.png', 1, '2025-09-02 20:12:30'),
(4, 2, 'tradein_2_1756848394_debbc3eb.png', 1, '2025-09-02 21:26:34');

-- --------------------------------------------------------

--
-- Table structure for table `tradein_requests`
--

CREATE TABLE `tradein_requests` (
  `id` bigint(20) UNSIGNED NOT NULL,
  `user_id` bigint(20) UNSIGNED NOT NULL,
  `device_type` varchar(100) DEFAULT NULL,
  `brand` varchar(100) DEFAULT NULL,
  `model` varchar(100) DEFAULT NULL,
  `device_condition` enum('working','no_power','broken_part') DEFAULT 'working',
  `need` enum('buy_new','discount') DEFAULT 'buy_new',
  `image_path` varchar(255) DEFAULT NULL,
  `status` enum('submitted','review','offered','accepted','rejected','cancelled') DEFAULT 'submitted',
  `scheduled_at` datetime DEFAULT NULL,
  `schedule_status` enum('none','proposed','confirmed') NOT NULL DEFAULT 'none',
  `offer_price` decimal(10,2) DEFAULT NULL,
  `selected_product_id` bigint(20) UNSIGNED DEFAULT NULL,
  `order_id` bigint(20) UNSIGNED DEFAULT NULL,
  `created_at` timestamp NOT NULL DEFAULT current_timestamp(),
  `updated_at` timestamp NULL DEFAULT NULL ON UPDATE current_timestamp()
) ENGINE=InnoDB DEFAULT CHARSET=utf8mb4 COLLATE=utf8mb4_unicode_ci;

--
-- Dumping data for table `tradein_requests`
--

INSERT INTO `tradein_requests` (`id`, `user_id`, `device_type`, `brand`, `model`, `device_condition`, `need`, `image_path`, `status`, `scheduled_at`, `schedule_status`, `offer_price`, `selected_product_id`, `order_id`, `created_at`, `updated_at`) VALUES
(3, 4, 'ๅ', 'ๅ', 'ๅ', '', 'buy_new', NULL, 'accepted', NULL, 'none', 1000.00, NULL, NULL, '2025-09-30 18:45:20', '2025-09-30 18:46:28'),
(6, 4, 'ๅ', 'ๅ', 'ๅ', 'working', 'buy_new', NULL, 'rejected', NULL, 'none', 5000.00, NULL, NULL, '2025-10-09 18:10:57', '2025-11-21 01:35:28'),
(7, 4, '1', '1', '1', 'broken_part', 'buy_new', 'uploads/tradein/202511/ti_20251121_125451_b03db0_1.png', 'accepted', NULL, 'none', 300.00, NULL, NULL, '2025-11-21 05:54:51', '2025-11-21 05:56:11');

-- --------------------------------------------------------

--
-- Table structure for table `tradein_status_logs`
--

CREATE TABLE `tradein_status_logs` (
  `id` bigint(20) UNSIGNED NOT NULL,
  `request_id` bigint(20) UNSIGNED NOT NULL,
  `status` varchar(50) NOT NULL,
  `note` varchar(255) DEFAULT NULL,
  `created_at` timestamp NOT NULL DEFAULT current_timestamp()
) ENGINE=InnoDB DEFAULT CHARSET=utf8mb4 COLLATE=utf8mb4_unicode_ci;

--
-- Dumping data for table `tradein_status_logs`
--

INSERT INTO `tradein_status_logs` (`id`, `request_id`, `status`, `note`, `created_at`) VALUES
(15, 3, 'cancelled', '', '2025-09-30 18:45:34'),
(17, 3, 'offered', '', '2025-09-30 18:46:14'),
(19, 3, 'accepted', 'ลูกค้ายอมรับข้อเสนอ', '2025-09-30 18:46:28'),
(31, 6, 'submitted', 'ส่งคำขอเทิร์นใหม่', '2025-10-09 18:10:57'),
(32, 6, 'reviewing', '', '2025-10-09 18:28:13'),
(33, 6, 'review', '', '2025-10-09 18:30:10'),
(34, 6, 'offered', '', '2025-10-09 18:30:29'),
(35, 6, 'rejected', 'ลูกค้าปฏิเสธข้อเสนอ', '2025-10-09 18:30:38'),
(36, 6, 'submitted', '', '2025-10-09 18:31:02'),
(37, 6, 'review', '', '2025-10-09 18:47:03'),
(38, 6, 'offered', '', '2025-10-09 18:47:17'),
(39, 6, 'rejected', 'ลูกค้าปฏิเสธข้อเสนอ', '2025-10-09 18:47:43'),
(40, 6, 'cancelled', '', '2025-10-09 18:47:56'),
(41, 6, 'submitted', '', '2025-11-21 01:34:47'),
(42, 6, 'review', '', '2025-11-21 01:34:59'),
(43, 6, 'offered', '', '2025-11-21 01:35:12'),
(44, 6, 'rejected', 'ลูกค้าปฏิเสธข้อเสนอ', '2025-11-21 01:35:28'),
(45, 7, 'submitted', 'ส่งคำขอเทิร์นใหม่', '2025-11-21 05:54:51'),
(46, 7, 'review', '', '2025-11-21 05:55:15'),
(47, 7, 'offered', '', '2025-11-21 05:55:53'),
(48, 7, 'accepted', 'ลูกค้ายอมรับข้อเสนอ', '2025-11-21 05:56:11');

-- --------------------------------------------------------

--
-- Table structure for table `users`
--

CREATE TABLE `users` (
  `id` bigint(20) UNSIGNED NOT NULL,
  `username` varchar(100) NOT NULL,
  `email` varchar(255) NOT NULL,
  `google_id` varchar(64) DEFAULT NULL,
  `provider` enum('local','google') NOT NULL DEFAULT 'local',
  `password_hash` varchar(255) DEFAULT NULL,
  `role` enum('user','admin') DEFAULT 'user',
  `phone` varchar(30) DEFAULT NULL,
  `address` text DEFAULT NULL,
  `profile_pic` varchar(255) DEFAULT NULL,
  `is_active` tinyint(1) NOT NULL DEFAULT 1,
  `created_at` timestamp NOT NULL DEFAULT current_timestamp(),
  `updated_at` timestamp NULL DEFAULT NULL ON UPDATE current_timestamp(),
  `full_name` varchar(150) DEFAULT NULL,
  `avatar` varchar(255) DEFAULT NULL,
  `address_line1` varchar(255) DEFAULT NULL,
  `address_line2` varchar(255) DEFAULT NULL,
  `district` varchar(120) DEFAULT NULL,
  `province` varchar(120) DEFAULT NULL,
  `postcode` varchar(12) DEFAULT NULL
) ENGINE=InnoDB DEFAULT CHARSET=utf8mb4 COLLATE=utf8mb4_unicode_ci;

--
-- Dumping data for table `users`
--

INSERT INTO `users` (`id`, `username`, `email`, `google_id`, `provider`, `password_hash`, `role`, `phone`, `address`, `profile_pic`, `is_active`, `created_at`, `updated_at`, `full_name`, `avatar`, `address_line1`, `address_line2`, `district`, `province`, `postcode`) VALUES
(3, 'admin', 'test@gmail.com', NULL, 'local', '$2y$10$lTCTupdf0tWtcpSYebJ.3OmAvOP.XNvGmjD0cQ57uRYXQEfc9hTn.', 'admin', NULL, NULL, NULL, 1, '2025-08-19 18:44:05', NULL, NULL, NULL, NULL, NULL, NULL, NULL, NULL),
(4, 'user', 'test1@gmail.com', NULL, 'local', '$2y$10$//mlVomn6qgFywE4ljuEt.nuBNd2mr2Y1pjGG4EII6QOkhSGX6tWW', 'user', '0934944932', NULL, NULL, 1, '2025-08-19 19:55:52', '2025-11-21 00:25:04', 'วีรยุทธ ศิริวัฒนานุกูล', 'uploads/avatars/u4_1755871652_55efaa.jpg', 'บ้าน', '', 'บางแค', 'กรุงเทพมหานคร', '10160'),
(5, 'user1', 'test2@gmail.com', NULL, 'local', '$2y$10$RdgznaZCoWGUKF5OGR9sVeYoSwtxZ9kqb56OhHv8nUkn3scsOsILS', 'user', NULL, NULL, NULL, 1, '2025-08-23 11:05:05', NULL, NULL, NULL, NULL, NULL, NULL, NULL, NULL),
(6, 'siriwat903128', 'siriwat903128@gmail.com', '115730826793962220903', 'google', NULL, 'user', NULL, NULL, NULL, 1, '2025-08-26 18:26:28', NULL, 'siri wat', 'https://lh3.googleusercontent.com/a/ACg8ocIdfvLmNanxW5nD8739Jvp_Adcm7f2FkrcJ9LEV-afxM0jufA=s96-c', NULL, NULL, NULL, NULL, NULL),
(7, 'veerayut3129', 'veerayut3129@gmail.com', '117822113326462938656', 'google', NULL, 'user', NULL, NULL, NULL, 1, '2025-10-08 19:00:14', NULL, 'Veer ayut', 'https://lh3.googleusercontent.com/a/ACg8ocK1PZl8X-cBdXEVIjvgN0VBLLO67xt51lrF5hreyCVJgCSAy4A=s96-c', NULL, NULL, NULL, NULL, NULL);

-- --------------------------------------------------------

--
-- Structure for view `cart`
--
DROP TABLE IF EXISTS `cart`;

CREATE ALGORITHM=UNDEFINED DEFINER=`root`@`localhost` SQL SECURITY DEFINER VIEW `cart`  AS SELECT `cart_items`.`id` AS `id`, `cart_items`.`user_id` AS `user_id`, `cart_items`.`product_id` AS `product_id`, `cart_items`.`quantity` AS `quantity`, `cart_items`.`created_at` AS `created_at` FROM `cart_items` ;

--
-- Indexes for dumped tables
--

--
-- Indexes for table `cart_items`
--
ALTER TABLE `cart_items`
  ADD PRIMARY KEY (`id`),
  ADD UNIQUE KEY `uq_cart_user_product` (`user_id`,`product_id`),
  ADD UNIQUE KEY `uniq_user_product` (`user_id`,`product_id`),
  ADD KEY `idx_cart_product` (`product_id`);

--
-- Indexes for table `categories`
--
ALTER TABLE `categories`
  ADD PRIMARY KEY (`id`),
  ADD UNIQUE KEY `uq_categories_slug` (`slug`);

--
-- Indexes for table `coupons`
--
ALTER TABLE `coupons`
  ADD PRIMARY KEY (`id`),
  ADD UNIQUE KEY `code` (`code`),
  ADD KEY `idx_coupons_user` (`user_id`),
  ADD KEY `idx_coupons_tradein` (`tradein_id`);

--
-- Indexes for table `coupon_categories`
--
ALTER TABLE `coupon_categories`
  ADD PRIMARY KEY (`coupon_id`,`category_id`);

--
-- Indexes for table `coupon_products`
--
ALTER TABLE `coupon_products`
  ADD PRIMARY KEY (`coupon_id`,`product_id`);

--
-- Indexes for table `coupon_usages`
--
ALTER TABLE `coupon_usages`
  ADD PRIMARY KEY (`id`),
  ADD KEY `coupon_id` (`coupon_id`),
  ADD KEY `user_id` (`user_id`),
  ADD KEY `order_id` (`order_id`);

--
-- Indexes for table `notifications`
--
ALTER TABLE `notifications`
  ADD PRIMARY KEY (`id`),
  ADD KEY `user_id` (`user_id`),
  ADD KEY `is_read` (`is_read`),
  ADD KEY `type` (`type`),
  ADD KEY `created_at` (`created_at`);

--
-- Indexes for table `orders`
--
ALTER TABLE `orders`
  ADD PRIMARY KEY (`id`),
  ADD KEY `idx_orders_user` (`user_id`);

--
-- Indexes for table `order_items`
--
ALTER TABLE `order_items`
  ADD PRIMARY KEY (`id`),
  ADD KEY `idx_order_items_order` (`order_id`),
  ADD KEY `idx_order_items_product` (`product_id`);

--
-- Indexes for table `products`
--
ALTER TABLE `products`
  ADD PRIMARY KEY (`id`),
  ADD KEY `idx_products_category` (`category_id`),
  ADD KEY `idx_products_seller` (`seller_id`);
ALTER TABLE `products` ADD FULLTEXT KEY `ft_products_name_desc` (`name`,`description`);

--
-- Indexes for table `product_images`
--
ALTER TABLE `product_images`
  ADD PRIMARY KEY (`id`),
  ADD KEY `idx_product_id` (`product_id`);

--
-- Indexes for table `product_reviews`
--
ALTER TABLE `product_reviews`
  ADD PRIMARY KEY (`id`),
  ADD KEY `product_id` (`product_id`),
  ADD KEY `parent_id` (`parent_id`),
  ADD KEY `user_id` (`user_id`);

--
-- Indexes for table `schedule_proposals`
--
ALTER TABLE `schedule_proposals`
  ADD PRIMARY KEY (`id`),
  ADD UNIQUE KEY `token` (`token`),
  ADD KEY `idx_time` (`slot_start`,`slot_end`),
  ADD KEY `idx_ticket` (`ticket_type`,`ticket_id`);

--
-- Indexes for table `service_status_logs`
--
ALTER TABLE `service_status_logs`
  ADD PRIMARY KEY (`id`),
  ADD KEY `idx_service_log_ticket` (`ticket_id`),
  ADD KEY `idx_ticket_id_id` (`ticket_id`,`id`);

--
-- Indexes for table `service_tickets`
--
ALTER TABLE `service_tickets`
  ADD PRIMARY KEY (`id`),
  ADD KEY `idx_service_user` (`user_id`);

--
-- Indexes for table `service_ticket_items`
--
ALTER TABLE `service_ticket_items`
  ADD PRIMARY KEY (`id`),
  ADD KEY `idx_ticket` (`ticket_id`);

--
-- Indexes for table `support_messages`
--
ALTER TABLE `support_messages`
  ADD PRIMARY KEY (`id`),
  ADD KEY `user_id` (`user_id`,`created_at`),
  ADD KEY `sender` (`sender`),
  ADD KEY `is_read_by_admin` (`is_read_by_admin`),
  ADD KEY `is_read_by_user` (`is_read_by_user`);

--
-- Indexes for table `support_threads`
--
ALTER TABLE `support_threads`
  ADD PRIMARY KEY (`user_id`);

--
-- Indexes for table `tradein_images`
--
ALTER TABLE `tradein_images`
  ADD PRIMARY KEY (`id`),
  ADD KEY `request_id` (`request_id`);

--
-- Indexes for table `tradein_requests`
--
ALTER TABLE `tradein_requests`
  ADD PRIMARY KEY (`id`),
  ADD KEY `idx_tradein_user` (`user_id`),
  ADD KEY `idx_tradein_order` (`order_id`),
  ADD KEY `fk_tradein_selected_product` (`selected_product_id`);

--
-- Indexes for table `tradein_status_logs`
--
ALTER TABLE `tradein_status_logs`
  ADD PRIMARY KEY (`id`),
  ADD KEY `idx_tradein_log_request` (`request_id`);

--
-- Indexes for table `users`
--
ALTER TABLE `users`
  ADD PRIMARY KEY (`id`),
  ADD UNIQUE KEY `uq_users_username` (`username`),
  ADD UNIQUE KEY `uq_users_email` (`email`),
  ADD UNIQUE KEY `uniq_users_email` (`email`),
  ADD UNIQUE KEY `google_id` (`google_id`);

--
-- AUTO_INCREMENT for dumped tables
--

--
-- AUTO_INCREMENT for table `cart_items`
--
ALTER TABLE `cart_items`
  MODIFY `id` bigint(20) UNSIGNED NOT NULL AUTO_INCREMENT, AUTO_INCREMENT=229;

--
-- AUTO_INCREMENT for table `categories`
--
ALTER TABLE `categories`
  MODIFY `id` int(10) UNSIGNED NOT NULL AUTO_INCREMENT, AUTO_INCREMENT=3;

--
-- AUTO_INCREMENT for table `coupons`
--
ALTER TABLE `coupons`
  MODIFY `id` bigint(20) UNSIGNED NOT NULL AUTO_INCREMENT, AUTO_INCREMENT=8;

--
-- AUTO_INCREMENT for table `coupon_usages`
--
ALTER TABLE `coupon_usages`
  MODIFY `id` bigint(20) UNSIGNED NOT NULL AUTO_INCREMENT, AUTO_INCREMENT=4;

--
-- AUTO_INCREMENT for table `notifications`
--
ALTER TABLE `notifications`
  MODIFY `id` bigint(20) UNSIGNED NOT NULL AUTO_INCREMENT, AUTO_INCREMENT=285;

--
-- AUTO_INCREMENT for table `orders`
--
ALTER TABLE `orders`
  MODIFY `id` bigint(20) UNSIGNED NOT NULL AUTO_INCREMENT, AUTO_INCREMENT=68;

--
-- AUTO_INCREMENT for table `order_items`
--
ALTER TABLE `order_items`
  MODIFY `id` bigint(20) UNSIGNED NOT NULL AUTO_INCREMENT, AUTO_INCREMENT=68;

--
-- AUTO_INCREMENT for table `products`
--
ALTER TABLE `products`
  MODIFY `id` bigint(20) UNSIGNED NOT NULL AUTO_INCREMENT, AUTO_INCREMENT=20;

--
-- AUTO_INCREMENT for table `product_images`
--
ALTER TABLE `product_images`
  MODIFY `id` bigint(20) UNSIGNED NOT NULL AUTO_INCREMENT, AUTO_INCREMENT=39;

--
-- AUTO_INCREMENT for table `product_reviews`
--
ALTER TABLE `product_reviews`
  MODIFY `id` bigint(20) UNSIGNED NOT NULL AUTO_INCREMENT, AUTO_INCREMENT=6;

--
-- AUTO_INCREMENT for table `schedule_proposals`
--
ALTER TABLE `schedule_proposals`
  MODIFY `id` int(11) NOT NULL AUTO_INCREMENT, AUTO_INCREMENT=37;

--
-- AUTO_INCREMENT for table `service_status_logs`
--
ALTER TABLE `service_status_logs`
  MODIFY `id` bigint(20) UNSIGNED NOT NULL AUTO_INCREMENT, AUTO_INCREMENT=189;

--
-- AUTO_INCREMENT for table `service_tickets`
--
ALTER TABLE `service_tickets`
  MODIFY `id` bigint(20) UNSIGNED NOT NULL AUTO_INCREMENT, AUTO_INCREMENT=14;

--
-- AUTO_INCREMENT for table `service_ticket_items`
--
ALTER TABLE `service_ticket_items`
  MODIFY `id` bigint(20) UNSIGNED NOT NULL AUTO_INCREMENT, AUTO_INCREMENT=4;

--
-- AUTO_INCREMENT for table `support_messages`
--
ALTER TABLE `support_messages`
  MODIFY `id` int(11) NOT NULL AUTO_INCREMENT, AUTO_INCREMENT=20;

--
-- AUTO_INCREMENT for table `tradein_images`
--
ALTER TABLE `tradein_images`
  MODIFY `id` bigint(20) NOT NULL AUTO_INCREMENT, AUTO_INCREMENT=5;

--
-- AUTO_INCREMENT for table `tradein_requests`
--
ALTER TABLE `tradein_requests`
  MODIFY `id` bigint(20) UNSIGNED NOT NULL AUTO_INCREMENT, AUTO_INCREMENT=8;

--
-- AUTO_INCREMENT for table `tradein_status_logs`
--
ALTER TABLE `tradein_status_logs`
  MODIFY `id` bigint(20) UNSIGNED NOT NULL AUTO_INCREMENT, AUTO_INCREMENT=49;

--
-- AUTO_INCREMENT for table `users`
--
ALTER TABLE `users`
  MODIFY `id` bigint(20) UNSIGNED NOT NULL AUTO_INCREMENT, AUTO_INCREMENT=8;

--
-- Constraints for dumped tables
--

--
-- Constraints for table `cart_items`
--
ALTER TABLE `cart_items`
  ADD CONSTRAINT `fk_cart_product` FOREIGN KEY (`product_id`) REFERENCES `products` (`id`) ON DELETE CASCADE ON UPDATE CASCADE,
  ADD CONSTRAINT `fk_cart_user` FOREIGN KEY (`user_id`) REFERENCES `users` (`id`) ON DELETE CASCADE ON UPDATE CASCADE;

--
-- Constraints for table `orders`
--
ALTER TABLE `orders`
  ADD CONSTRAINT `fk_orders_user` FOREIGN KEY (`user_id`) REFERENCES `users` (`id`) ON UPDATE CASCADE;

--
-- Constraints for table `order_items`
--
ALTER TABLE `order_items`
  ADD CONSTRAINT `fk_items_order` FOREIGN KEY (`order_id`) REFERENCES `orders` (`id`) ON DELETE CASCADE ON UPDATE CASCADE,
  ADD CONSTRAINT `fk_items_product` FOREIGN KEY (`product_id`) REFERENCES `products` (`id`) ON UPDATE CASCADE;

--
-- Constraints for table `products`
--
ALTER TABLE `products`
  ADD CONSTRAINT `fk_products_category` FOREIGN KEY (`category_id`) REFERENCES `categories` (`id`) ON DELETE SET NULL ON UPDATE CASCADE,
  ADD CONSTRAINT `fk_products_seller` FOREIGN KEY (`seller_id`) REFERENCES `users` (`id`) ON DELETE SET NULL ON UPDATE CASCADE;

--
-- Constraints for table `product_images`
--
ALTER TABLE `product_images`
  ADD CONSTRAINT `fk_product_images_product` FOREIGN KEY (`product_id`) REFERENCES `products` (`id`) ON DELETE CASCADE ON UPDATE CASCADE;

--
-- Constraints for table `product_reviews`
--
ALTER TABLE `product_reviews`
  ADD CONSTRAINT `product_reviews_ibfk_1` FOREIGN KEY (`product_id`) REFERENCES `products` (`id`) ON DELETE CASCADE,
  ADD CONSTRAINT `product_reviews_ibfk_2` FOREIGN KEY (`user_id`) REFERENCES `users` (`id`) ON DELETE CASCADE,
  ADD CONSTRAINT `product_reviews_ibfk_3` FOREIGN KEY (`parent_id`) REFERENCES `product_reviews` (`id`) ON DELETE CASCADE;

--
-- Constraints for table `service_status_logs`
--
ALTER TABLE `service_status_logs`
  ADD CONSTRAINT `fk_service_log_ticket` FOREIGN KEY (`ticket_id`) REFERENCES `service_tickets` (`id`) ON DELETE CASCADE ON UPDATE CASCADE;

--
-- Constraints for table `service_tickets`
--
ALTER TABLE `service_tickets`
  ADD CONSTRAINT `fk_service_user` FOREIGN KEY (`user_id`) REFERENCES `users` (`id`) ON DELETE CASCADE ON UPDATE CASCADE;

--
-- Constraints for table `service_ticket_items`
--
ALTER TABLE `service_ticket_items`
  ADD CONSTRAINT `fk_service_ticket_items_ticket` FOREIGN KEY (`ticket_id`) REFERENCES `service_tickets` (`id`) ON DELETE CASCADE;

--
-- Constraints for table `tradein_requests`
--
ALTER TABLE `tradein_requests`
  ADD CONSTRAINT `fk_tradein_order` FOREIGN KEY (`order_id`) REFERENCES `orders` (`id`) ON DELETE SET NULL ON UPDATE CASCADE,
  ADD CONSTRAINT `fk_tradein_selected_product` FOREIGN KEY (`selected_product_id`) REFERENCES `products` (`id`) ON DELETE SET NULL ON UPDATE CASCADE,
  ADD CONSTRAINT `fk_tradein_user` FOREIGN KEY (`user_id`) REFERENCES `users` (`id`) ON DELETE CASCADE ON UPDATE CASCADE;

--
-- Constraints for table `tradein_status_logs`
--
ALTER TABLE `tradein_status_logs`
  ADD CONSTRAINT `fk_tradein_log_request` FOREIGN KEY (`request_id`) REFERENCES `tradein_requests` (`id`) ON DELETE CASCADE ON UPDATE CASCADE;
COMMIT;

/*!40101 SET CHARACTER_SET_CLIENT=@OLD_CHARACTER_SET_CLIENT */;
/*!40101 SET CHARACTER_SET_RESULTS=@OLD_CHARACTER_SET_RESULTS */;
/*!40101 SET COLLATION_CONNECTION=@OLD_COLLATION_CONNECTION */;
